election_year,state,district_id,contested_election,dem_2_party_pct,winning_party,dem_last_name,rep_last_name
2020,AL,AL.2,TRUE,0.3980369,R,JONES,TUBERVILLE
2020,AK,AK.2,TRUE,0.4331686,R,GROSS,SULLIVAN
2020,AR,AR.2,FALSE,0,R,,COTTON
2020,AZ,AZ.3,TRUE,0.5117023,D,KELLY,MCSALLY
2020,CO,CO.2,TRUE,0.5477068,D,HICKENLOOPER,GARDNER
2020,DE,DE.2,TRUE,0.6106431,D,COONS,WITZKE
2020,GA,GA.2,TRUE,0.506,D,OSSOFF,PERDUE
2020,GA,GA.3,TRUE,0.51,D,DEMOCRATS,REPUBLICANS
2020,ID,ID.2,TRUE,0.3468238,R,JORDAN,RISCH
2020,IL,IL.2,TRUE,0.5856077,D,DURBIN,CURRAN
2020,IA,IA.2,TRUE,0.465995,R,GREENFIELD,ERNST
2020,KS,KS.2,TRUE,0.4398484,R,BOLLIER,MARSHALL
2020,KY,KY.2,TRUE,0.3982707,R,MCGRATH,MCCONNELL
2020,LA,LA.2,TRUE,0.3658132,R,DEMOCRATS,REPUBLICANS
2020,ME,ME.2,TRUE,0.4539744,R,GIDEON,COLLINS
2020,MA,MA.2,TRUE,0.6668736,D,MARKEY,O'CONNOR
2020,MI,MI.2,TRUE,0.5085609,D,PETERS,JAMES
2020,MN,MN.2,TRUE,0.5284042,D,SMITH,LEWIS
2020,MS,MS.2,TRUE,0.449206,R,ESPY,HYDE-SMITH
2020,MT,MT.2,TRUE,0.4499,R,BULLOCK,DAINES
2020,NE,NE.2,TRUE,0.280257,R,JANICEK,SASSE
2020,NH,NH.2,TRUE,0.5801495,D,SHAHEEN,MESSNER
2020,NJ,NJ.2,TRUE,0.5830871,D,BOOKER,MEHTA
2020,NM,NM.2,TRUE,0.5313816,D,LUJAN,RONCHETTI
2020,NC,NC.2,TRUE,0.4908502,R,CUNNINGHAM,TILLIS
2020,OK,OK.2,TRUE,0.3423584,R,BROYLES,INHOFE
2020,OR,OR.2,TRUE,0.5913956,D,MERKLEY,PERKINS
2020,RI,RI.2,TRUE,0.6659321,D,REED,WATERS
2020,SC,SC.2,TRUE,0.4479262,R,HARRISON,GRAHAM
2020,SD,SD.2,TRUE,0.3426,R,AHLERS,ROUNDS
2020,TN,TN.2,TRUE,0.3611339,R,BRADSHAW,HAGERTY
2020,TX,TX.2,TRUE,0.4505032,R,HEGAR,CORNYN
2020,VA,VA.2,TRUE,0.5604605,D,WARNER,GADE
2020,WV,WV.2,TRUE,0.2775493,R,SWEARENGIN,CAPITO
2020,WY,WY.2,TRUE,0.2686613,R,BEN DAVID,LUMMIS
1964,NY,NY.1,TRUE,0.5519,D,KENNEDY,KEATING
1964,VA,VA.1,TRUE,0.7703,D,BYRD SR,MAY
1966,AK,AK.2,TRUE,0.7554,D,BARTLETT,MCKINLEY
1966,AL,AL.2,TRUE,0.6063,D,SPARKMAN,GRENIER
1966,AR,AR.2,FALSE,1.0000,D,MCCLELLAN,
1966,CO,CO.2,TRUE,0.4195,R,ROMER,ALLOTT
1966,DE,DE.2,TRUE,0.4088,R,TUNNELL,BOGGS
1966,GA,GA.2,FALSE,1.0000,D,RUSSELL,
1966,IA,IA.2,TRUE,0.3829,R,SMITH,MILLER
1966,ID,ID.2,TRUE,0.4462,R,HARDING,JORDAN
1966,IL,IL.2,TRUE,0.4441,R,DOUGLAS,PERCY
1966,KS,KS.2,TRUE,0.4641,R,BREEDING,PEARSON
1966,KY,KY.2,TRUE,0.3548,R,BROWN,COOPER
1966,LA,LA.2,FALSE,1.0000,D,ELLENDER,
1966,MA,MA.2,TRUE,0.3897,R,PEABODY,BROOKE
1966,ME,ME.2,TRUE,0.4105,R,VIOLETTE,CHASE SMITH
1966,MI,MI.2,TRUE,0.4398,R,WILLIAMS,GRIFFIN
1966,MN,MN.2,TRUE,0.5440,D,MONDALE,FORSYTHE
1966,MS,MS.2,TRUE,0.7106,D,EASTLAND,WALKER
1966,MT,MT.2,TRUE,0.5317,D,METCALF,BABCOCK
1966,NC,NC.2,TRUE,0.5560,D,JORDAN,SHALLCROSS
1966,NE,NE.2,TRUE,0.3883,R,MORRISON,CURTIS
1966,NH,NH.2,TRUE,0.5407,D,MCINTYRE,THYNG
1966,NJ,NJ.2,TRUE,0.3813,R,WILENTZ,CASE
1966,NM,NM.2,TRUE,0.5314,D,ANDERSON,CARTER
1966,OK,OK.2,TRUE,0.5372,D,HARRIS,PATTERSON
1966,OR,OR.2,TRUE,0.4825,R,DUNCAN,HATFIELD
1966,RI,RI.2,TRUE,0.6766,D,PELL,BRIGGS
1966,SC,SC.2,TRUE,0.3781,R,MORRAH,THURMOND
1966,SC,SC.3,TRUE,0.4031,R,HOLLINGS,PARKER
1966,SD,SD.2,TRUE,0.3372,R,WRIGHT,MUNDT
1966,TN,TN.2,TRUE,0.4428,R,CLEMENT,BAKER
1966,TX,TX.2,TRUE,0.4335,R,CARR,TOWER
1966,VA,VA.1,TRUE,0.5878,D,BYRD JR,TRAYLOR
1966,VA,VA.2,TRUE,0.6363,D,SPONG,OULD
1966,WV,WV.2,TRUE,0.5951,D,RANDOLPH,LOVE
1966,WY,WY.2,TRUE,0.4820,R,RONCALIO,HANSEN
1968,AK,AK.3,TRUE,0.5467,D,GRAVEL,RASMUSON
1968,AL,AL.3,TRUE,0.7604,D,ALLEN,HOOPER
1968,AR,AR.3,TRUE,0.5915,D,FULBRIGHT,BERNARD
1968,AZ,AZ.3,TRUE,0.4278,R,ELSON,GOLDWATER
1968,CA,CA.3,TRUE,0.5246,D,CRANSTON,RAFFERTY
1968,CO,CO.3,TRUE,0.4145,R,MCNICHOLS,DOMINICK
1968,CT,CT.3,TRUE,0.5429,D,RIBICOFF,MAY
1968,FL,FL.3,TRUE,0.4410,R,COLLINS,GURNEY
1968,GA,GA.3,TRUE,0.7751,D,TALMADGE,PATTON
1968,HI,HI.3,TRUE,0.8477,D,INOUYE,THIESSEN
1968,IA,IA.3,TRUE,0.5028,D,HUGHES,STANLEY
1968,ID,ID.3,TRUE,0.6026,D,CHURCH,HANSEN
1968,IL,IL.3,TRUE,0.4678,R,CLARK,DIRKSEN
1968,IN,IN.3,TRUE,0.5175,D,BAYH,RUCKELSHAUS
1968,KS,KS.3,TRUE,0.3915,R,ROBINSON,DOLE
1968,KY,KY.3,TRUE,0.4811,R,PEDEN,COOK
1968,LA,LA.3,FALSE,1.0000,D,LONG,
1968,MD,MD.3,TRUE,0.4502,R,BREWSTER,MATHIAS
1968,MO,MO.3,TRUE,0.5101,D,EAGLETON,CURTIS
1968,NC,NC.3,TRUE,0.6056,D,ERVIN,SOMERS
1968,ND,ND.3,TRUE,0.3428,R,LASHKOWITZ,YOUNG
1968,NH,NH.3,TRUE,0.4071,R,KING,COTTON
1968,NV,NV.3,TRUE,0.5476,D,BIBLE,FIKE
1968,NY,NY.3,TRUE,0.3968,R,O'DWYER,JAVITS
1968,OH,OH.3,TRUE,0.4847,R,GILLIGAN,SAXBE
1968,OK,OK.3,TRUE,0.4716,R,MONRONEY,BELLMON
1968,OR,OR.3,TRUE,0.4980,R,MORSE,PACKWOOD
1968,PA,PA.3,TRUE,0.4688,R,CLARK,SCHWEIKER
1968,SC,SC.3,TRUE,0.6189,D,HOLLINGS,PARKER
1968,SD,SD.3,TRUE,0.5679,D,MCGOVERN,GUBBRUD
1968,UT,UT.3,TRUE,0.4606,R,WEILENMANN,BENNETT
1968,VT,VT.3,FALSE,0.0000,R,,AIKEN
1968,WA,WA.3,TRUE,0.6462,D,MAGNUSON,METCALF
1968,WI,WI.3,TRUE,0.6169,D,NELSON,LEONARD
1970,AK,AK.2,TRUE,0.4039,R,KAY,STEVENS
1970,AZ,AZ.1,TRUE,0.4402,R,GROSSMAN,FANNIN
1970,CA,CA.1,TRUE,0.5486,D,TUNNEY,MURPHY
1970,CT,CT.1,TRUE,0.4474,R,DUFFEY,WEICKER JR
1970,DE,DE.1,TRUE,0.4053,R,ZIMMERMAN,ROTH
1970,FL,FL.1,TRUE,0.5387,D,CHILES,CRAMER
1970,HI,HI.1,TRUE,0.4843,R,HEFTEL,FONG
1970,IL,IL.3,TRUE,0.5761,D,STEVENSON III,SMITH
1970,IN,IN.1,TRUE,0.5012,D,HARTKE,ROUDEBUSH
1970,MA,MA.1,TRUE,0.6269,D,KENNEDY,SPAULDING
1970,MD,MD.1,TRUE,0.4870,R,TYDINGS,BEALL JR
1970,ME,ME.1,TRUE,0.6174,D,MUSKIE,BISHOP
1970,MI,MI.1,TRUE,0.6702,D,HART,ROMNEY
1970,MN,MN.1,TRUE,0.5812,D,HUMPHREY,MACGREGOR
1970,MO,MO.1,TRUE,0.5145,D,SYMINGTON,DANFORTH
1970,MS,MS.1,FALSE,1.0000,D,STENNIS,
1970,MT,MT.1,TRUE,0.6054,D,MANSFIELD,WALLACE
1970,ND,ND.1,TRUE,0.6184,D,BURDICK,KLEPPE
1970,NE,NE.1,TRUE,0.4747,R,MORRISON,HRUSKA
1970,NJ,NJ.1,TRUE,0.5617,D,WILLIAMS,GROSS
1970,NM,NM.1,TRUE,0.5288,D,MONTOYA,CARTER
1970,NV,NV.1,TRUE,0.5834,D,CANNON,RAGGIO
1970,NY,NY.1,,,,,
1970,OH,OH.1,TRUE,0.4885,R,METZENBAUM,TAFT
1970,PA,PA.1,TRUE,0.4688,R,SESLER,SCOTT
1970,RI,RI.1,TRUE,0.6822,D,PASTORE,MCLAUGHLIN
1970,TN,TN.1,TRUE,0.4802,R,GORE,BROCK
1970,TX,TX.1,TRUE,0.5355,D,BENTSEN,BUSH
1970,UT,UT.1,TRUE,0.5693,D,MOSS,BURTON
1970,VA,VA.1,,,,,
1970,VT,VT.1,TRUE,0.4058,R,HOFF,PROUTY
1970,WA,WA.1,TRUE,0.8374,D,JACKSON,ELICKER
1970,WI,WI.1,TRUE,0.7133,D,PROXMIRE,ERICKSON
1970,WV,WV.1,TRUE,0.7764,D,BYRD,DODSON
1970,WY,WY.1,TRUE,0.5578,D,MCGEE,WOLD
1972,AK,AK.2,TRUE,0.2270,R,GUESS,STEVENS
1972,AL,AL.2,TRUE,0.6532,D,SPARKMAN,BLOUNT
1972,AR,AR.2,TRUE,0.6088,D,MCCLELLAN,BABBITT
1972,CO,CO.2,TRUE,0.5053,D,HASKELL,ALLOTT
1972,DE,DE.2,TRUE,0.5069,D,BIDEN JR,BOGGS
1972,GA,GA.2,TRUE,0.5397,D,NUNN,THOMPSON
1972,IA,IA.2,TRUE,0.5554,D,CLARK,MILLER
1972,ID,ID.2,TRUE,0.4655,R,DAVIS,MCCLURE
1972,IL,IL.2,TRUE,0.3751,R,PUCINSKI,PERCY
1972,KS,KS.2,TRUE,0.2438,R,TETZLAFF,PEARSON
1972,KY,KY.2,TRUE,0.5167,D,HUDDLESTON,NUNN
1972,LA,LA.2,TRUE,0.7433,D,JOHNSTON,TOLEDANO
1972,MA,MA.2,TRUE,0.3535,R,DRONEY,BROOKE
1972,ME,ME.2,TRUE,0.5323,D,HATHAWAY,SMITH
1972,MI,MI.2,TRUE,0.4696,R,KELLEY,GRIFFIN
1972,MN,MN.2,TRUE,0.5694,D,MONDALE,HANSEN
1972,MS,MS.2,TRUE,0.6003,D,EASTLAND,CARMICHAEL
1972,MT,MT.2,TRUE,0.5195,D,METCALF,HIBBARD
1972,NC,NC.2,TRUE,0.4599,R,GALIFIANAKIS,HELMS
1972,NE,NE.2,TRUE,0.4684,R,CARPENTER,CURTIS
1972,NH,NH.2,TRUE,0.5688,D,MCINTYRE,POWELL
1972,NJ,NJ.2,TRUE,0.3559,R,KREBS,CASE
1972,NM,NM.2,TRUE,0.4597,R,DANIELS,DOMENICI
1972,OK,OK.2,TRUE,0.4805,R,EDMONDSON,BARTLETT
1972,OR,OR.2,TRUE,0.4621,R,MORSE,HATFIELD
1972,RI,RI.2,TRUE,0.5401,D,PELL,CHAFEE
1972,SC,SC.2,TRUE,0.3670,R,ZEIGLER,THURMOND
1972,SD,SD.2,TRUE,0.5704,D,ABOUREZK,HIRSCH
1972,TN,TN.2,TRUE,0.3808,R,BLANTON,BAKER
1972,TX,TX.2,TRUE,0.4534,R,SANDERS,TOWER
1972,VA,VA.2,TRUE,0.4727,R,SPONG,SCOTT
1972,VT,VT.1,TRUE,0.3419,R,MAJOR,STAFFORD
1972,WV,WV.2,TRUE,0.6645,D,RANDOLPH,LEONARD
1972,WY,WY.2,TRUE,0.2869,R,VINICH,HANSEN
1974,AK,AK.3,TRUE,0.5828,D,GRAVEL,LEWIS
1974,AL,AL.3,FALSE,1.0000,D,ALLEN,
1974,AR,AR.3,TRUE,0.8490,D,BUMPERS,JONES
1974,AZ,AZ.3,TRUE,0.4174,R,MARSHALL,GOLDWATER
1974,CA,CA.3,TRUE,0.6258,D,CRANSTON,RICHARDSON
1974,CO,CO.3,TRUE,0.5917,D,HART,DOMINICK
1974,CT,CT.3,TRUE,0.6500,D,RIBICOFF,BRANNEN
1974,FL,FL.3,TRUE,0.5146,D,STONE,ECKERD
1974,GA,GA.3,TRUE,0.7176,D,TALMADGE,JOHNSON
1974,HI,HI.3,FALSE,1.0000,D,INOUYE,
1974,IA,IA.3,TRUE,0.5038,D,CULVER,STANLEY
1974,ID,ID.3,TRUE,0.5709,D,CHURCH,SMITH
1974,IL,IL.3,TRUE,0.6254,D,STEVENSON,BURDITT
1974,IN,IN.3,TRUE,0.5221,D,BAYH,LUGAR
1974,KS,KS.3,TRUE,0.4915,R,ROY,DOLE
1974,KY,KY.3,TRUE,0.5486,D,FORD,COOK
1974,LA,LA.3,FALSE,1.0000,D,LONG,
1974,MD,MD.3,TRUE,0.4267,R,MIKULSKI,MATHIAS
1974,MO,MO.3,TRUE,0.6046,D,EAGLETON,CURTIS
1974,NC,NC.3,TRUE,0.6210,D,MORGAN,STEVENS
1974,ND,ND.3,TRUE,0.4996,R,GUY,YOUNG
1974,NH,NH.3,,,,,
1974,NV,NV.3,TRUE,0.4980,R,REID,LAXALT
1974,NY,NY.3,TRUE,0.4575,R,CLARK,JAVITS
1974,OH,OH.3,TRUE,0.6777,D,GLENN,PERK
1974,OK,OK.3,TRUE,0.4975,R,EDMONDSON,BELLMON
1974,OR,OR.3,TRUE,0.4458,R,ROBERTS,PACKWOOD
1974,PA,PA.3,TRUE,0.4641,R,FLAHERTY,SCHWEIKER
1974,SC,SC.3,TRUE,0.7077,D,HOLLINGS,BUSH
1974,SD,SD.3,TRUE,0.5304,D,MCGOVERN,THORSNESS
1974,UT,UT.3,TRUE,0.4685,R,OWENS,GARN
1974,VT,VT.3,TRUE,0.5161,D,LEAHY,MALLARY
1974,WA,WA.3,TRUE,0.6272,D,MAGNUSON,METCALF
1974,WI,WI.3,TRUE,0.6331,D,NELSON,PETRI
1976,AZ,AZ.1,TRUE,0.5548,D,DECONCINI,STEIGER
1976,CA,CA.1,TRUE,0.4830,R,TUNNEY,HAYAKAWA
1976,CT,CT.1,TRUE,0.4166,R,SCHAFFER,WEICKER
1976,DE,DE.1,TRUE,0.4387,R,MALONEY,ROTH
1976,FL,FL.1,TRUE,0.6298,D,CHILES,GRADY
1976,HI,HI.1,TRUE,0.5694,D,MATSUNAGA,QUINN
1976,IN,IN.1,TRUE,0.4050,R,HARTKE,LUGAR
1976,MA,MA.1,TRUE,0.7050,D,KENNEDY,ROBERTSON
1976,MD,MD.1,TRUE,0.5928,D,SARBANES,BEALL
1976,ME,ME.1,TRUE,0.6020,D,MUSKIE,MONKS
1976,MI,MI.1,TRUE,0.5283,D,RIEGLE,ESCH
1976,MN,MN.1,TRUE,0.7295,D,HUMPHREY,BREKKE
1976,MO,MO.1,TRUE,0.4274,R,HEARNES,DANFORTH
1976,MS,MS.1,FALSE,1.0000,D,STENNIS,
1976,MT,MT.1,TRUE,0.6416,D,MELCHER,BURGER
1976,ND,ND.1,TRUE,0.6295,D,BURDICK,STROUP
1976,NE,NE.1,TRUE,0.5291,D,ZORINSKY,MCCOLLISTER
1976,NJ,NJ.1,TRUE,0.6145,D,WILLIAMS,NORCROSS JR
1976,NM,NM.1,TRUE,0.4291,R,MONTOYA,SCHMITT
1976,NV,NV.1,TRUE,0.6671,D,CANNON,TOWELL
1976,NY,NY.1,TRUE,0.5468,D,MOYNIHAN,BUCKLEY
1976,OH,OH.1,TRUE,0.5156,D,METZENBAUM,TAFT
1976,PA,PA.1,TRUE,0.4717,R,GREEN III,HEINZ III
1976,RI,RI.1,TRUE,0.4213,R,LORBER,CHAFEE
1976,TN,TN.1,TRUE,0.5274,D,SASSER,BROCK
1976,TX,TX.1,TRUE,0.5735,D,BENTSEN,STEELMAN
1976,UT,UT.1,TRUE,0.4356,R,MOSS,HATCH
1976,VA,VA.1,,,,,
1976,VT,VT.1,TRUE,0.4756,R,SALMON,STAFFORD
1976,WA,WA.1,TRUE,0.7477,D,JACKSON,BROWN
1976,WI,WI.1,TRUE,0.7280,D,PROXMIRE,YORK
1976,WV,WV.1,FALSE,1.0000,D,BYRD,
1976,WY,WY.1,TRUE,0.4541,R,MCGEE,WALLOP
1978,AK,AK.2,TRUE,0.2417,R,HOBBS,STEVENS
1978,AL,AL.2,FALSE,1.0000,D,HEFLIN,
1978,AL,AL.3,TRUE,0.5597,D,STEWART,MARTIN
1978,AR,AR.2,TRUE,0.8243,D,PRYOR,KELLY
1978,CO,CO.2,TRUE,0.4071,R,HASKELL,ARMSTRONG
1978,DE,DE.2,TRUE,0.5856,D,BIDEN,BAXTER
1978,GA,GA.2,TRUE,0.8313,D,NUNN,STOKES
1978,IA,IA.2,TRUE,0.4838,R,CLARK,JEPSEN
1978,ID,ID.2,TRUE,0.3156,R,JENSEN,MCCLURE
1978,IL,IL.2,TRUE,0.4602,R,SEITH,PERCY
1978,KS,KS.2,TRUE,0.4405,R,ROY,KASSEBAUM
1978,KY,KY.2,TRUE,0.6232,D,HUDDLESTON,GUENTHNER JR
1978,LA,LA.2,FALSE,1.0000,D,JOHNSTON,
1978,MA,MA.2,TRUE,0.5511,D,TSONGAS,BROOKE
1978,ME,ME.2,TRUE,0.3749,R,HATHAWAY,COHEN
1978,MI,MI.2,TRUE,0.5214,D,LEVIN,GRIFFIN
1978,MN,MN.1,TRUE,0.3599,R,SHORT,DURENBERGER
1978,MN,MN.2,TRUE,0.4166,R,ANDERSON,BOSCHWITZ
1978,MS,MS.2,TRUE,0.4123,R,DANTIN,COCHRAN
1978,MT,MT.2,TRUE,0.5569,D,BAUCUS,WILLIAMS
1978,NC,NC.2,TRUE,0.4549,R,INGRAM,HELMS
1978,NE,NE.2,TRUE,0.6766,D,EXON,SHASTEEN
1978,NH,NH.2,TRUE,0.4889,R,MCINTYRE,HUMPHREY
1978,NJ,NJ.2,TRUE,0.5619,D,BRADLEY,BELL
1978,NM,NM.2,TRUE,0.4659,R,ANAYA,DOMENICI
1978,OK,OK.2,TRUE,0.6659,D,BOREN,KAMM
1978,OR,OR.2,TRUE,0.3831,R,COOK,HATFIELD
1978,RI,RI.2,TRUE,0.7511,D,PELL,REYNOLDS
1978,SC,SC.2,TRUE,0.4432,R,RAVENEL,THURMOND
1978,SD,SD.2,TRUE,0.3316,R,BARNETT,PRESSLER
1978,TN,TN.2,TRUE,0.4205,R,ESKIND,BAKER
1978,TX,TX.2,TRUE,0.4973,R,KRUEGER,TOWER
1978,VA,VA.2,TRUE,0.4981,R,MILLER,WARNER
1978,WV,WV.2,TRUE,0.5048,D,RANDOLPH,MOORE JR
1978,WY,WY.2,TRUE,0.3783,R,WHITAKER,SIMPSON
1980,AK,AK.3,TRUE,0.4611,R,GRUENING,MURKOWSKI
1980,AL,AL.3,TRUE,0.4841,R,FOLSOM,DENTON
1980,AR,AR.3,TRUE,0.5911,D,BUMPERS,CLARK
1980,AZ,AZ.3,TRUE,0.4945,R,SCHULZ,GOLDWATER
1980,CA,CA.3,TRUE,0.6034,D,CRANSTON,GANN
1980,CO,CO.3,TRUE,0.5083,D,HART,BUCHANAN
1980,CT,CT.3,TRUE,0.5676,D,DODD,BUCKLEY
1980,FL,FL.3,TRUE,0.4834,R,GUNTER,HAWKINS
1980,GA,GA.3,TRUE,0.4913,R,TALMADGE,MATTINGLY
1980,HI,HI.3,TRUE,0.8088,D,INOUYE,BROWN
1980,IA,IA.3,TRUE,0.4599,R,CULVER,GRASSLEY
1980,ID,ID.3,TRUE,0.4951,R,CHURCH,SYMMS
1980,IL,IL.3,TRUE,0.5686,D,DIXON,O'NEAL
1980,IN,IN.3,TRUE,0.4621,R,BAYH,QUAYLE
1980,KS,KS.3,TRUE,0.3624,R,SIMPSON,DOLE
1980,KY,KY.3,TRUE,0.6513,D,FORD,FOUST
1980,LA,LA.3,FALSE,1.0000,D,LONG,
1980,MD,MD.3,TRUE,0.3383,R,CONROY,MATHIAS
1980,MO,MO.3,TRUE,0.5217,D,EAGLETON,MCNARY
1980,NC,NC.3,TRUE,0.4971,R,MORGAN,EAST
1980,ND,ND.3,TRUE,0.2918,R,JOHANNESON,ANDREWS
1980,NH,NH.3,TRUE,0.4785,R,DURKIN,RUDMAN
1980,NV,NV.3,TRUE,0.3898,R,GOJACK,LAXALT
1980,NY,NY.3,TRUE,0.4924,R,HOLTZMAN,D'AMATO
1980,OH,OH.3,TRUE,0.7089,D,GLENN,BETTS
1980,OK,OK.3,TRUE,0.4489,R,COATS,NICKLES
1980,OR,OR.3,TRUE,0.4579,R,KULONGOSKI,PACKWOOD
1980,PA,PA.3,TRUE,0.4876,R,FLAHERTY,SPECTER
1980,SC,SC.3,TRUE,0.7037,D,HOLLINGS,MAYS
1980,SD,SD.3,TRUE,0.4037,R,MCGOVERN,ABDNOR
1980,UT,UT.3,TRUE,0.2571,R,BERMAN,GARN
1980,VT,VT.3,TRUE,0.5067,D,LEAHY,LEDBETTER
1980,WA,WA.3,TRUE,0.4583,R,MAGNUSON,GORTON
1980,WI,WI.3,TRUE,0.4906,R,NELSON,KASTEN
1982,AZ,AZ.1,TRUE,0.5854,D,DECONCINI,DUNN
1982,CA,CA.1,TRUE,0.4649,R,BROWN,WILSON
1982,CT,CT.1,TRUE,0.4776,R,MOFFETT,WEICKER
1982,DE,DE.1,TRUE,0.4448,R,LEVINSON,ROTH
1982,FL,FL.1,TRUE,0.6173,D,CHILES,POOLE
1982,HI,HI.1,TRUE,0.8249,D,MATSUNAGA,BROWN
1982,IN,IN.1,TRUE,0.4585,R,FITHIAN,LUGAR
1982,MA,MA.1,TRUE,0.6138,D,KENNEDY,SHAMIE
1982,MD,MD.1,TRUE,0.6346,D,SARBANES,HOGAN
1982,ME,ME.1,TRUE,0.6087,D,MITCHELL,EMERY
1982,MI,MI.1,TRUE,0.5856,D,RIEGLE,RUPPE
1982,MN,MN.1,TRUE,0.4696,R,DAYTON,DURENBERGER
1982,MO,MO.1,TRUE,0.4915,R,WOODS,DANFORTH
1982,MS,MS.1,TRUE,0.6420,D,STENNIS,BARBOUR
1982,MT,MT.1,TRUE,0.5665,D,MELCHER,WILLIAMS
1982,ND,ND.1,TRUE,0.6487,D,BURDICK,KNORR
1982,NE,NE.1,TRUE,0.6999,D,ZORINSKY,KECK
1982,NJ,NJ.1,TRUE,0.5161,D,LAUTENBERG,FENWICK
1982,NM,NM.1,TRUE,0.5377,D,BINGAMAN,SCHMITT
1982,NV,NV.1,TRUE,0.4880,R,CANNON,HECHT
1982,NY,NY.1,TRUE,0.6558,D,MOYNIHAN,SULLIVAN
1982,OH,OH.1,TRUE,0.5794,D,METZENBAUM,PFEIFER
1982,PA,PA.1,TRUE,0.3981,R,WECHT,HEINZ
1982,RI,RI.1,TRUE,0.4880,R,MICHAELSON,CHAFEE
1982,TN,TN.1,TRUE,0.6193,D,SASSER,BEARD
1982,TX,TX.1,TRUE,0.5913,D,BENTSEN,COLLINS
1982,UT,UT.1,TRUE,0.4150,R,WILSON,HATCH
1982,VA,VA.1,TRUE,0.4881,R,DAVIS,TRIBLE
1982,VT,VT.1,TRUE,0.4844,R,GUEST,STAFFORD
1982,WA,WA.1,TRUE,0.7396,D,JACKSON,JEWETT
1982,WI,WI.1,TRUE,0.6509,D,PROXMIRE,MCCALLUM
1982,WV,WV.1,TRUE,0.6900,D,BYRD,BENEDICT
1982,WY,WY.1,TRUE,0.4334,R,MCDANIEL,WALLOP
1984,AK,AK.2,TRUE,0.2858,R,HAVELOCK,STEVENS
1984,AL,AL.2,TRUE,0.6332,D,HEFLIN,SMITH JR
1984,AR,AR.2,TRUE,0.5735,D,PRYOR,BETHUNE
1984,CO,CO.2,TRUE,0.3502,R,DICK,ARMSTRONG
1984,DE,DE.2,TRUE,0.6011,D,BIDEN,BURRIS
1984,GA,GA.2,TRUE,0.7994,D,NUNN,HICKS
1984,IA,IA.2,TRUE,0.5595,D,HARKIN,JEPSEN
1984,ID,ID.2,TRUE,0.2648,R,BUSCH,MCCLURE
1984,IL,IL.2,TRUE,0.5095,D,SIMON,PERCY
1984,KS,KS.2,TRUE,0.2184,R,MAHER,KASSEBAUM
1984,KY,KY.2,TRUE,0.4979,R,HUDDLESTON,MCCONNELL
1984,LA,LA.2,FALSE,1.0000,D,JOHNSTON,
1984,MA,MA.2,TRUE,0.5506,D,KERRY,SHAMIE
1984,ME,ME.2,TRUE,0.2607,R,MITCHELL,COHEN
1984,MI,MI.2,TRUE,0.5233,D,LEVIN,LOUSMA
1984,MN,MN.2,TRUE,0.4155,R,GROWE,BOSCHWITZ
1984,MS,MS.2,TRUE,0.3906,R,WINTER,COCHRAN
1984,MT,MT.2,TRUE,0.5830,D,BAUCUS,COZZENS
1984,NC,NC.2,TRUE,0.4806,R,HUNT JR,HELMS
1984,NE,NE.2,TRUE,0.5196,D,EXON,HOCH
1984,NH,NH.2,TRUE,0.4108,R,D'AMOURS,HUMPHREY
1984,NJ,NJ.2,TRUE,0.6478,D,BRADLEY,MOCHARY
1984,NM,NM.2,TRUE,0.2810,R,PRATT,DOMENICI
1984,OK,OK.2,TRUE,0.7635,D,BOREN,CROZIER
1984,OR,OR.2,TRUE,0.3345,R,HENDRIKSEN,HATFIELD
1984,RI,RI.2,TRUE,0.7266,D,PELL,LEONARD
1984,SC,SC.2,TRUE,0.3225,R,PURVIS,THURMOND
1984,SD,SD.2,TRUE,0.2551,R,CUNNINGHAM,PRESSLER
1984,TN,TN.2,TRUE,0.6424,D,GORE,ASHE
1984,TX,TX.2,TRUE,0.4145,R,DOGGETT,GRAMM
1984,VA,VA.2,TRUE,0.2995,R,HARRISON,WARNER
1984,WV,WV.2,TRUE,0.5206,D,ROCKEFELLER IV,RAESE
1984,WY,WY.2,TRUE,0.2168,R,RYAN,SIMPSON
1986,AK,AK.3,TRUE,0.4494,R,OLDS,MURKOWSKI
1986,AL,AL.3,TRUE,0.5028,D,SHELBY,DENTON
1986,AR,AR.3,TRUE,0.6228,D,BUMPERS,HUTCHINSON
1986,AZ,AZ.3,TRUE,0.3952,R,KIMBALL,MCCAIN
1986,CA,CA.3,TRUE,0.5073,D,CRANSTON,ZSCHAU
1986,CO,CO.3,TRUE,0.5079,D,WIRTH,KRAMER
1986,CT,CT.3,TRUE,0.6502,D,DODD,EDDY
1986,FL,FL.3,TRUE,0.5474,D,GRAHAM,HAWKINS
1986,GA,GA.3,TRUE,0.5092,D,FOWLER,MATTINGLY
1986,HI,HI.3,TRUE,0.7357,D,INOUYE,HUTCHINSON
1986,IA,IA.3,TRUE,0.3371,R,ROEHRICK,GRASSLEY
1986,ID,ID.3,TRUE,0.4844,R,EVANS,SYMMS
1986,IL,IL.3,TRUE,0.6587,D,DIXON,KOEHLER
1986,IN,IN.3,TRUE,0.3887,R,LONG,QUAYLE
1986,KS,KS.3,TRUE,0.2995,R,MACDONALD,DOLE
1986,KY,KY.3,TRUE,0.7440,D,FORD,ANDREWS
1986,LA,LA.3,TRUE,0.5282,D,BREAUX,MOORE
1986,MD,MD.3,TRUE,0.6069,D,MIKULSKI,CHAVEZ
1986,MO,MO.3,TRUE,0.4736,R,WOODS,BOND
1986,NC,NC.3,TRUE,0.5088,D,SANFORD,BROYHILL
1986,ND,ND.3,TRUE,0.5037,D,CONRAD,ANDREWS
1986,NH,NH.3,TRUE,0.3396,R,PEABODY,RUDMAN
1986,NV,NV.3,TRUE,0.5290,D,REID,SANTINI
1986,NY,NY.3,TRUE,0.4202,R,GREEN,D'AMATO
1986,OH,OH.3,TRUE,0.6245,D,GLENN,KINDNESS
1986,OK,OK.3,TRUE,0.4479,R,JONES,NICKLES
1986,OR,OR.3,TRUE,0.3641,R,BAUMAN,PACKWOOD
1986,PA,PA.3,TRUE,0.4317,R,EDGAR,SPECTER
1986,SC,SC.3,TRUE,0.6391,D,HOLLINGS,MCMASTER
1986,SD,SD.3,TRUE,0.5160,D,DASCHLE,ABDNOR
1986,UT,UT.3,TRUE,0.2686,R,OLIVER,GARN
1986,VT,VT.3,TRUE,0.6467,D,LEAHY,SNELLING
1986,WA,WA.3,TRUE,0.5100,D,ADAMS,GORTON
1986,WI,WI.3,TRUE,0.4823,R,GARVEY,KASTEN
1988,AZ,AZ.1,TRUE,0.5801,D,DECONCINI,DEGREEN
1988,CA,CA.1,TRUE,0.4546,R,MCCARTHY,WILSON
1988,CT,CT.1,TRUE,0.5037,D,LIEBERMAN,WEICKER
1988,DE,DE.1,TRUE,0.3794,R,WOO,ROTH
1988,FL,FL.1,TRUE,0.4958,R,MACKAY,MACK
1988,HI,HI.1,TRUE,0.7873,D,MATSUNAGA,HUSTACE
1988,IN,IN.1,TRUE,0.3186,R,WICKES,LUGAR
1988,MA,MA.1,TRUE,0.6569,D,KENNEDY,MALONE
1988,MD,MD.1,TRUE,0.6180,D,SARBANES,KEYES
1988,ME,ME.1,TRUE,0.8129,D,MITCHELL,WYMAN
1988,MI,MI.1,TRUE,0.6109,D,RIEGLE,DUNN
1988,MN,MN.1,TRUE,0.4214,R,HUMPHREY,DURENBERGER
1988,MO,MO.1,TRUE,0.3193,R,NIXON,DANFORTH
1988,MS,MS.1,TRUE,0.4609,R,DOWDY,LOTT
1988,MT,MT.1,TRUE,0.4813,R,MELCHER,BURNS
1988,ND,ND.1,TRUE,0.6035,D,BURDICK,STRINDEN
1988,NE,NE.1,TRUE,0.5765,D,KERREY,KARNES
1988,NJ,NJ.1,TRUE,0.5424,D,LAUTENBERG,DAWKINS
1988,NM,NM.1,TRUE,0.6331,D,BINGAMAN,VALENTINE
1988,NV,NV.1,TRUE,0.5211,D,BRYAN,HECHT
1988,NY,NY.1,TRUE,0.6834,D,MOYNIHAN,MCMILLAN
1988,OH,OH.1,TRUE,0.5698,D,METZENBAUM,VOINOVICH
1988,PA,PA.1,TRUE,0.3281,R,VIGNOLA,HEINZ
1988,RI,RI.1,TRUE,0.4541,R,LICHT,CHAFEE
1988,TN,TN.1,TRUE,0.6534,D,SASSER,ANDERSEN
1988,TX,TX.1,TRUE,0.5967,D,BENTSEN,BOULTER
1988,UT,UT.1,TRUE,0.3210,R,MOSS,HATCH
1988,VA,VA.1,TRUE,0.7129,D,ROBB,DAWKINS
1988,VT,VT.1,TRUE,0.3045,R,GRAY,JEFFORDS
1988,WA,WA.1,TRUE,0.4891,R,LOWRY,GORTON
1988,WI,WI.1,TRUE,0.5227,D,KOHL,ENGELEITER
1988,WV,WV.1,TRUE,0.6477,D,BYRD,WOLFE
1988,WY,WY.1,TRUE,0.4963,R,VINICH,WALLOP
1990,AK,AK.2,TRUE,0.3271,R,BEASLEY,STEVENS
1990,AL,AL.2,TRUE,0.6057,D,HEFLIN,CABANISS
1990,AR,AR.2,FALSE,1.0000,D,PRYOR,
1990,CO,CO.2,TRUE,0.4280,R,HEATH,BROWN
1990,DE,DE.2,TRUE,0.6363,D,BIDEN,BRADY
1990,GA,GA.2,FALSE,1.0000,D,NUNN,
1990,HI,HI.1,TRUE,0.5477,D,AKAKA,SAIKI
1990,IA,IA.2,TRUE,0.5453,D,HARKIN,TAUKE
1990,ID,ID.2,TRUE,0.3871,R,TWILEGAR,CRAIG
1990,IL,IL.2,TRUE,0.6507,D,SIMON,MARTIN
1990,IN,IN.3,TRUE,0.4636,R,HILL,COATS
1990,KS,KS.2,TRUE,0.2640,R,WILLIAMS,KASSEBAUM
1990,KY,KY.2,TRUE,0.4781,R,SLOANE,MCCONNELL
1990,LA,LA.2,FALSE,1.0000,D,JOHNSTON,
1990,MA,MA.2,TRUE,0.5710,D,KERRY,RAPPAPORT
1990,ME,ME.2,TRUE,0.3865,R,ROLDE,COHEN
1990,MI,MI.2,TRUE,0.5823,D,LEVIN,SCHUETTE
1990,MN,MN.2,TRUE,0.5134,D,WELLSTONE,BOSCHWITZ
1990,MS,MS.2,FALSE,0.0000,R,,COCHRAN
1990,MT,MT.2,TRUE,0.6987,D,BAUCUS,KOLSTAD
1990,NC,NC.2,TRUE,0.4744,R,GANTT,HELMS
1990,NE,NE.2,TRUE,0.5901,D,EXON,DAUB
1990,NH,NH.2,TRUE,0.3248,R,DURKIN,SMITH
1990,NJ,NJ.2,TRUE,0.5155,D,BRADLEY,WHITMAN
1990,NM,NM.2,TRUE,0.2705,R,BENAVIDES,DOMENICI
1990,OK,OK.2,TRUE,0.8318,D,BOREN,JONES
1990,OR,OR.2,TRUE,0.4625,R,LONSDALE,HATFIELD
1990,RI,RI.2,TRUE,0.6183,D,PELL,SCHNEIDER
1990,SC,SC.2,TRUE,0.3362,R,CUNNINGHAM,THURMOND
1990,SD,SD.2,TRUE,0.4625,R,MUENSTER,PRESSLER
1990,TN,TN.2,TRUE,0.6943,D,GORE,HAWKINS
1990,TX,TX.2,TRUE,0.3831,R,PARMER,GRAMM
1990,VA,VA.2,FALSE,0.0000,R,,WARNER
1990,WV,WV.2,TRUE,0.6832,D,ROCKEFELLER IV,YODER
1990,WY,WY.2,TRUE,0.3606,R,HELLING,SIMPSON
1992,AK,AK.3,TRUE,0.4200,R,SMITH,MURKOWSKI
1992,AL,AL.3,TRUE,0.6621,D,SHELBY,SELLERS
1992,AR,AR.3,TRUE,0.6018,D,BUMPERS,HUCKABEE
1992,AZ,AZ.3,TRUE,0.3613,R,SARGENT,MCCAIN
1992,CA,CA.1,TRUE,0.5885,D,FEINSTEIN,SEYMOUR
1992,CA,CA.3,TRUE,0.5270,D,BOXER,HERSCHENSOHN
1992,CO,CO.3,TRUE,0.5480,D,CAMPBELL,CONSIDINE
1992,CT,CT.3,TRUE,0.6067,D,DODD,JOHNSON
1992,FL,FL.3,TRUE,0.6541,D,GRAHAM,GRANT
1992,GA,GA.3,TRUE,0.4935,R,FOWLER,COVERDELL
1992,HI,HI.3,TRUE,0.6802,D,INOUYE,REED
1992,IA,IA.3,TRUE,0.2810,R,LLOYD JONES,GRASSLEY
1992,ID,ID.3,TRUE,0.4348,R,STALLINGS,KEMPTHORNE
1992,IL,IL.3,TRUE,0.5530,D,MOSELEY BRAUN,WILLIAMSON
1992,IN,IN.3,TRUE,0.4152,R,HOGSETT,COATS
1992,KS,KS.3,TRUE,0.3311,R,O'DELL,DOLE
1992,KY,KY.3,TRUE,0.6371,D,FORD,WILLIAMS
1992,LA,LA.3,FALSE,1.0000,D,BREAUX,
1992,MD,MD.3,TRUE,0.7102,D,MIKULSKI,KEYES
1992,MO,MO.3,TRUE,0.4640,R,ROTHMAN SEROT,BOND
1992,NC,NC.3,TRUE,0.4792,R,SANFORD,FAIRCLOTH
1992,ND,ND.1,TRUE,0.6516,D,CONRAD,DALRYMPLE
1992,ND,ND.3,TRUE,0.6028,D,DORGAN,SYDNESS
1992,NH,NH.3,TRUE,0.4849,R,RAUH,GREGG
1992,NV,NV.3,TRUE,0.5594,D,REID,DAHL
1992,NY,NY.3,TRUE,0.4935,R,ABRAMS,D'AMATO
1992,OH,OH.3,TRUE,0.5465,D,GLENN,DEWINE
1992,OK,OK.3,TRUE,0.3948,R,LEWIS,NICKLES
1992,OR,OR.3,TRUE,0.4714,R,AUCOIN,PACKWOOD
1992,PA,PA.3,TRUE,0.4855,R,YEAKEL,SPECTER
1992,SC,SC.3,TRUE,0.5161,D,HOLLINGS,HARTNETT
1992,SD,SD.3,TRUE,0.6663,D,DASCHLE,HAAR
1992,UT,UT.3,TRUE,0.4176,R,OWENS,BENNETT
1992,VT,VT.3,TRUE,0.5555,D,LEAHY,DOUGLAS
1992,WA,WA.3,TRUE,0.5399,D,MURRAY,CHANDLER
1992,WI,WI.3,TRUE,0.5333,D,FEINGOLD,KASTEN
1994,AZ,AZ.1,TRUE,0.4241,R,COPPERSMITH,KYL
1994,CA,CA.1,TRUE,0.5104,D,FEINSTEIN,HUFFINGTON
1994,CT,CT.1,TRUE,0.6837,D,LIEBERMAN,LABRIOLA
1994,DE,DE.1,TRUE,0.4322,R,OBERLY,ROTH
1994,FL,FL.1,TRUE,0.2948,R,RODHAM,MACK
1994,HI,HI.1,TRUE,0.7480,D,AKAKA,HUSTACE
1994,IN,IN.1,TRUE,0.3117,R,JONTZ,LUGAR
1994,MA,MA.1,TRUE,0.5861,D,KENNEDY,ROMNEY
1994,MD,MD.1,TRUE,0.5910,D,SARBANES,BROCK
1994,ME,ME.1,TRUE,0.3764,R,ANDREWS,SNOWE
1994,MI,MI.1,TRUE,0.4518,R,CARR,ABRAHAM
1994,MN,MN.1,TRUE,0.4734,R,WYNIA,GRAMS
1994,MO,MO.1,TRUE,0.3741,R,WHEAT,ASHCROFT
1994,MS,MS.1,TRUE,0.3120,R,HARPER,LOTT
1994,MT,MT.1,TRUE,0.3763,R,MUDD,BURNS
1994,ND,ND.1,TRUE,0.5798,D,CONRAD,CLAYBURGH
1994,NE,NE.1,TRUE,0.5490,D,KERREY,STONEY
1994,NJ,NJ.1,TRUE,0.5168,D,LAUTENBERG,HAYTAIAN
1994,NM,NM.1,TRUE,0.5399,D,BINGAMAN,MCMILLAN
1994,NV,NV.1,TRUE,0.5540,D,BRYAN,FURMAN
1994,NY,NY.1,TRUE,0.5710,D,MOYNIHAN,CASTRO
1994,OH,OH.1,TRUE,0.4233,R,HYATT,DEWINE
1994,OK,OK.2,TRUE,0.4198,R,MCCURDY,INHOFE
1994,PA,PA.1,TRUE,0.4871,R,WOFFORD,SANTORUM
1994,RI,RI.1,TRUE,0.3548,R,KUSHNER,CHAFEE
1994,TN,TN.1,TRUE,0.4276,R,SASSER,FRIST
1994,TN,TN.2,TRUE,0.3898,R,COOPER,THOMPSON
1994,TX,TX.1,TRUE,0.3864,R,FISHER,HUTCHISON
1994,UT,UT.1,TRUE,0.2914,R,SHEA,HATCH
1994,VA,VA.1,TRUE,0.5154,D,ROBB,NORTH
1994,VT,VT.1,TRUE,0.4464,R,BACKUS,JEFFORDS
1994,WA,WA.1,TRUE,0.4425,R,SIMS,GORTON
1994,WI,WI.1,TRUE,0.5889,D,KOHL,WELCH
1994,WV,WV.1,TRUE,0.6901,D,BYRD,KLOS
1994,WY,WY.1,TRUE,0.4004,R,SULLIVAN,THOMAS
1996,AK,AK.2,TRUE,0.1188,R,OBERMEYER,STEVENS
1996,AL,AL.2,TRUE,0.4643,R,BEDFORD,SESSIONS
1996,AR,AR.2,TRUE,0.4730,R,BRYANT,HUTCHINSON
1996,CO,CO.2,TRUE,0.4708,R,STRICKLAND,ALLARD
1996,DE,DE.2,TRUE,0.6116,D,BIDEN,CLATWORTHY
1996,GA,GA.2,TRUE,0.5069,D,CLELAND,MILLNER
1996,IA,IA.2,TRUE,0.5259,D,HARKIN,LIGHTFOOT
1996,ID,ID.2,TRUE,0.4117,R,MINNICK,CRAIG
1996,IL,IL.2,TRUE,0.5797,D,DURBIN,SALVI
1996,KS,KS.2,TRUE,0.3570,R,THOMPSON,ROBERTS
1996,KS,KS.3,TRUE,0.4456,R,DOCKING,BROWNBACK
1996,KY,KY.2,TRUE,0.4359,R,BESHEAR,MCCONNELL
1996,LA,LA.2,TRUE,0.5017,D,LANDRIEU,JENKINS
1996,MA,MA.2,TRUE,0.5386,D,KERRY,WELD
1996,ME,ME.2,TRUE,0.4715,R,BRENNAN,COLLINS
1996,MI,MI.2,TRUE,0.5941,D,LEVIN,ROMNEY
1996,MN,MN.2,TRUE,0.5493,D,WELLSTONE,BOSCHWITZ
1996,MS,MS.2,TRUE,0.2783,R,HUNT,COCHRAN
1996,MT,MT.2,TRUE,0.5258,D,BAUCUS,REHBERG
1996,NC,NC.2,TRUE,0.4659,R,GANTT,HELMS
1996,NE,NE.2,TRUE,0.4259,R,NELSON,HAGEL
1996,NH,NH.2,TRUE,0.4841,R,SWETT,SMITH
1996,NJ,NJ.2,TRUE,0.5531,D,TORRICELLI,ZIMMER
1996,NM,NM.2,TRUE,0.3151,R,TRUJILLO,DOMENICI
1996,OK,OK.2,TRUE,0.4142,R,BOREN,INHOFE
1996,OR,OR.2,TRUE,0.4797,R,BRUGGERE,SMITH
1996,RI,RI.2,TRUE,0.6443,D,REED,MAYER
1996,SC,SC.2,TRUE,0.4518,R,CLOSE,THURMOND
1996,SD,SD.2,TRUE,0.5132,D,JOHNSON,PRESSLER
1996,TN,TN.2,TRUE,0.3750,R,GORDON,THOMPSON
1996,TX,TX.2,TRUE,0.4451,R,MORALES,GRAMM
1996,VA,VA.2,TRUE,0.4745,R,WARNER,WARNER
1996,WV,WV.2,TRUE,0.7665,D,ROCKEFELLER IV,BURKS
1996,WY,WY.2,TRUE,0.4385,R,KARPAN,ENZI
1998,AK,AK.3,TRUE,0.2093,R,SONNEMAN,MURKOWSKI
1998,AL,AL.3,TRUE,0.3672,R,SUDDITH,SHELBY
1998,AR,AR.3,TRUE,0.5660,D,LINCOLN,BOOZMAN
1998,AZ,AZ.3,TRUE,0.2832,R,RANGER,MCCAIN
1998,CA,CA.3,TRUE,0.5523,D,BOXER,FONG
1998,CO,CO.3,TRUE,0.3591,R,LAMM,CAMPBELL
1998,CT,CT.3,TRUE,0.6681,D,DODD,FRANKS
1998,FL,FL.3,TRUE,0.6247,D,GRAHAM,CRIST
1998,GA,GA.3,TRUE,0.4630,R,COLES,COVERDELL
1998,HI,HI.3,TRUE,0.8163,D,INOUYE,YOUNG
1998,IA,IA.3,TRUE,0.3083,R,OSTERBERG,GRASSLEY
1998,ID,ID.3,TRUE,0.2899,R,MAUK,CRAPO
1998,IL,IL.3,TRUE,0.4852,R,MOSELEY BRAUN,FITZGERALD
1998,IN,IN.3,TRUE,0.6468,D,BAYH,HELMKE
1998,KS,KS.3,TRUE,0.3261,R,FELECIANO,BROWNBACK
1998,KY,KY.3,TRUE,0.4970,R,BAESLER,BUNNING
1998,LA,LA.3,TRUE,0.6693,D,BREAUX,DONELON
1998,MD,MD.3,TRUE,0.7050,D,MIKULSKI,PIERPONT
1998,MO,MO.3,TRUE,0.4538,R,NIXON,BOND
1998,NC,NC.3,TRUE,0.5211,D,EDWARDS,FAIRCLOTH
1998,ND,ND.3,TRUE,0.6424,D,DORGAN,NALEWAJA
1998,NH,NH.3,TRUE,0.2940,R,CONDODEMETRAKY,GREGG
1998,NV,NV.3,TRUE,0.5005,D,REID,ENSIGN
1998,NY,NY.3,TRUE,0.5534,D,SCHUMER,D'AMATO
1998,OH,OH.3,TRUE,0.4354,R,BOYLE,VOINOVICH
1998,OK,OK.3,TRUE,0.3203,R,CARROLL,NICKLES
1998,OR,OR.3,TRUE,0.6437,D,WYDEN,LIM
1998,PA,PA.3,TRUE,0.3619,R,LLOYD,SPECTER
1998,SC,SC.3,TRUE,0.5357,D,HOLLINGS,INGLIS
1998,SD,SD.3,TRUE,0.6306,D,DASCHLE,SCHMIDT
1998,UT,UT.3,TRUE,0.3401,R,LECKMAN,BENNETT
1998,VT,VT.3,TRUE,0.7628,D,LEAHY,TUTTLE
1998,WA,WA.3,TRUE,0.5841,D,MURRAY,SMITH
1998,WI,WI.3,TRUE,0.5108,D,FEINGOLD,NEUMANN
2000,AZ,AZ.1,FALSE,0.0000,R,,KYL
2000,CA,CA.1,TRUE,0.6042,D,FEINSTEIN,CAMPBELL
2000,CT,CT.1,TRUE,0.6491,D,LIEBERMAN,GIORDANO
2000,DE,DE.1,TRUE,0.5596,D,CARPER,ROTH
2000,FL,FL.1,TRUE,0.5249,D,NELSON,MCCOLLUM
2000,GA,GA.3,TRUE,0.6056,D,MILLER,MATTINGLY
2000,HI,HI.1,TRUE,0.7479,D,AKAKA,CARROLL
2000,IN,IN.1,TRUE,0.3236,R,JOHNSON,LUGAR
2000,MA,MA.1,TRUE,0.8497,D,KENNEDY,ROBINSON III
2000,MD,MD.1,TRUE,0.6323,D,SARBANES,RAPPAPORT
2000,ME,ME.1,TRUE,0.3106,R,LAWRENCE,SNOWE
2000,MI,MI.1,TRUE,0.5083,D,STABENOW,ABRAHAM
2000,MN,MN.1,TRUE,0.5301,D,DAYTON,GRAMS
2000,MO,MO.1,TRUE,0.5105,D,CARNAHAN,ASHCROFT
2000,MS,MS.1,TRUE,0.3241,R,BROWN,LOTT
2000,MT,MT.1,TRUE,0.4830,R,SCHWEITZER,BURNS
2000,ND,ND.1,TRUE,0.6137,D,CONRAD,SAND
2000,NE,NE.1,TRUE,0.5109,D,NELSON,STENBERG
2000,NJ,NJ.1,TRUE,0.5155,D,CORZINE,FRANKS
2000,NM,NM.1,TRUE,0.6173,D,BINGAMAN,REDMOND
2000,NV,NV.1,TRUE,0.4188,R,BERNSTEIN,ENSIGN
2000,NY,NY.1,TRUE,0.5624,D,CLINTON,LAZIO
2000,OH,OH.1,TRUE,0.3744,R,CELESTE,DEWINE
2000,PA,PA.1,TRUE,0.4647,R,KLINK,SANTORUM
2000,RI,RI.1,TRUE,0.4198,R,WEYGAND,CHAFEE
2000,TN,TN.1,TRUE,0.3310,R,CLARK,FRIST
2000,TX,TX.1,TRUE,0.3318,R,KELLY,HUTCHISON
2000,UT,UT.1,TRUE,0.3246,R,HOWELL,HATCH
2000,VA,VA.1,TRUE,0.4771,R,ROBB,ALLEN
2000,VT,VT.1,TRUE,0.2795,R,FLANAGAN,JEFFORDS
2000,WA,WA.1,TRUE,0.5005,D,CANTWELL,GORTON
2000,WI,WI.1,TRUE,0.6243,D,KOHL,GILLESPIE
2000,WV,WV.1,TRUE,0.7941,D,BYRD,GALLAHER
2000,WY,WY.1,TRUE,0.2300,R,LOGAN,THOMAS
2002,AK,AK.2,TRUE,0.1185,R,VONDERSAAR,STEVENS
2002,AL,AL.2,TRUE,0.4047,R,PARKER,SESSIONS
2002,AR,AR.2,TRUE,0.5390,D,PRYOR,HUTCHINSON
2002,CO,CO.2,TRUE,0.4745,R,STRICKLAND,ALLARD
2002,DE,DE.2,TRUE,0.5879,D,BIDEN,CLATWORTHY
2002,GA,GA.2,TRUE,0.4653,R,CLELAND,CHAMBLISS
2002,IA,IA.2,TRUE,0.5531,D,HARKIN,GANSKE
2002,ID,ID.2,TRUE,0.3331,R,BLINKEN,CRAIG
2002,IL,IL.2,TRUE,0.6134,D,DURBIN,DURKIN
2002,KS,KS.2,FALSE,0.0000,R,,ROBERTS
2002,KY,KY.2,TRUE,0.3532,R,WEINBERG,MCCONNELL
2002,LA,LA.2,TRUE,0.5170,D,LANDRIEU,TERRELL
2002,MA,MA.2,FALSE,1.0000,D,KERRY,
2002,ME,ME.2,TRUE,0.4156,R,PINGREE,COLLINS
2002,MI,MI.2,TRUE,0.6154,D,LEVIN,RACZKOWSKI
2002,MN,MN.2,TRUE,0.4887,R,MONDALE,COLEMAN
2002,MO,MO.1,TRUE,0.4943,R,CARNAHAN,TALENT
2002,MS,MS.2,FALSE,0.0000,R,,COCHRAN
2002,MT,MT.2,TRUE,0.6641,D,BAUCUS,TAYLOR
2002,NC,NC.2,TRUE,0.4563,R,BOWLES,DOLE
2002,NE,NE.2,TRUE,0.1503,R,MATULKA,HAGEL
2002,NH,NH.2,TRUE,0.4773,R,SHAHEEN,SUNUNU
2002,NJ,NJ.2,TRUE,0.5507,D,LAUTENBERG,FORRESTER
2002,NM,NM.2,TRUE,0.3496,R,TRISTANI,DOMENICI
2002,OK,OK.2,TRUE,0.3879,R,WALTERS,INHOFE
2002,OR,OR.2,TRUE,0.4134,R,BRADBURY,SMITH
2002,RI,RI.2,TRUE,0.7843,D,REED,TINGLE
2002,SC,SC.2,TRUE,0.4482,R,SANDERS,GRAHAM
2002,SD,SD.2,TRUE,0.5008,D,JOHNSON,THUNE
2002,TN,TN.2,TRUE,0.4496,R,CLEMENT,ALEXANDER
2002,TX,TX.2,TRUE,0.4393,R,KIRK,CORNYN
2002,VA,VA.2,FALSE,0.0000,R,,WARNER
2002,WV,WV.2,TRUE,0.6311,D,ROCKEFELLER IV,WOLFE
2002,WY,WY.2,TRUE,0.2705,R,CORCORAN,ENZI
2004,AK,AK.3,TRUE,0.4839,R,KNOWLES,MURKOWSKI
2004,AL,AL.3,TRUE,0.3239,R,SOWELL,SHELBY
2004,AR,AR.3,TRUE,0.5592,D,LINCOLN,HOLT
2004,AZ,AZ.3,TRUE,0.2118,R,STARKY,MCCAIN
2004,CA,CA.3,TRUE,0.6042,D,BOXER,JONES
2004,CO,CO.3,TRUE,0.5244,D,SALAZAR,COORS
2004,CT,CT.3,TRUE,0.6738,D,DODD,ORCHULLI
2004,FL,FL.3,TRUE,0.4943,R,CASTOR,MARTINEZ
2004,GA,GA.3,TRUE,0.4085,R,MAJETTE,ISAKSON
2004,HI,HI.3,TRUE,0.7825,D,INOUYE,CAVASSO
2004,IA,IA.3,TRUE,0.2843,R,SMALL,GRASSLEY
2004,ID,ID.3,FALSE,0.0000,R,,CRAPO
2004,IL,IL.3,TRUE,0.7212,D,OBAMA,KEYES
2004,IN,IN.3,TRUE,0.6235,D,BAYH,SCOTT
2004,KS,KS.3,TRUE,0.2844,R,JONES,BROWNBACK
2004,KY,KY.3,TRUE,0.4934,R,MONGIARDO,BUNNING
2004,LA,LA.3,TRUE,0.4820,R,JOHN,VITTER
2004,MD,MD.3,TRUE,0.6577,D,MIKULSKI,PIPKIN
2004,MO,MO.3,TRUE,0.4328,R,FARMER,BOND
2004,NC,NC.3,TRUE,0.4768,R,BOWLES,BURR
2004,ND,ND.3,TRUE,0.6828,D,DORGAN,LIFFRIG
2004,NH,NH.3,TRUE,0.3375,R,HADDOCK,GREGG
2004,NV,NV.3,TRUE,0.6348,D,REID,ZISER
2004,NY,NY.3,TRUE,0.7459,D,SCHUMER,MILLS
2004,OH,OH.3,TRUE,0.3615,R,FINGERHUT,VOINOVICH
2004,OK,OK.3,TRUE,0.4387,R,CARSON,COBURN
2004,OR,OR.3,TRUE,0.6663,D,WYDEN,KING
2004,PA,PA.3,TRUE,0.4438,R,HOEFFEL,SPECTER
2004,SC,SC.3,TRUE,0.4511,R,TENENBAUM,DEMINT
2004,SD,SD.3,TRUE,0.4942,R,DASCHLE,THUNE
2004,UT,UT.3,TRUE,0.2924,R,VAN DAM,BENNETT
2004,VT,VT.3,TRUE,0.7421,D,LEAHY,MCMULLEN
2004,WA,WA.3,TRUE,0.5627,D,MURRAY,NETHERCUTT
2004,WI,WI.3,TRUE,0.5565,D,FEINGOLD,MICHELS
2006,AZ,AZ.1,TRUE,0.4492,R,PEDERSON,KYL
2006,CA,CA.1,TRUE,0.6293,D,FEINSTEIN,MOUNTJOY
2006,CT,CT.1,TRUE,,,,
2006,DE,DE.1,TRUE,0.7098,D,CARPER,TING
2006,FL,FL.1,TRUE,0.6128,D,NELSON,HARRIS
2006,HI,HI.1,TRUE,0.6252,D,AKAKA,THIELEN
2006,IN,IN.1,FALSE,0.0000,R,,LUGAR
2006,MA,MA.1,TRUE,0.6941,D,KENNEDY,CHASE
2006,MD,MD.1,TRUE,0.5509,D,CARDIN,STEELE
2006,ME,ME.1,TRUE,0.2181,R,BRIGHT,SNOWE
2006,MI,MI.1,TRUE,0.5797,D,STABENOW,BOUCHARD
2006,MN,MN.1,TRUE,0.6048,D,KLOBUCHAR,KENNEDY
2006,MO,MO.1,TRUE,0.5117,D,MCCASKILL,TALENT
2006,MS,MS.1,TRUE,0.3542,R,FLEMING,LOTT
2006,MT,MT.1,TRUE,0.5045,D,TESTER,BURNS
2006,ND,ND.1,TRUE,0.6998,D,CONRAD,GROTBERG
2006,NE,NE.1,TRUE,0.6388,D,NELSON,RICKETTS
2006,NJ,NJ.1,TRUE,0.5814,D,MENENDEZ,KEAN
2006,NM,NM.1,TRUE,0.7065,D,BINGAMAN,MCCULLOCH
2006,NV,NV.1,TRUE,0.4254,R,CARTER,ENSIGN
2006,NY,NY.1,TRUE,0.6836,D,CLINTON,SPENCER
2006,OH,OH.1,TRUE,0.5618,D,BROWN,DEWINE
2006,PA,PA.1,TRUE,0.5868,D,CASEY,SANTORUM
2006,RI,RI.1,TRUE,0.5352,D,WHITEHOUSE,CHAFEE
2006,TN,TN.1,TRUE,0.4862,R,FORD,CORKER
2006,TX,TX.1,TRUE,0.3688,R,RADNOFSKY,HUTCHISON
2006,UT,UT.1,TRUE,0.3325,R,ASHDOWN,HATCH
2006,VA,VA.1,TRUE,0.5020,D,WEBB,ALLEN
2006,VT,VT.1,TRUE,0.6690,D,SANDERS,TARRANT
2006,WA,WA.1,TRUE,0.5874,D,CANTWELL,MCGAVICK
2006,WI,WI.1,TRUE,0.6954,D,KOHL,LORGE
2006,WV,WV.1,TRUE,0.7705,D,BYRD,RAESE
2006,WY,WY.1,TRUE,0.2991,R,GROUTAGE,THOMAS
2008,AK,AK.2,TRUE,0.5066,D,BEGICH,STEVENS
2008,AL,AL.2,TRUE,0.3656,R,FIGURES,SESSIONS
2008,AR,AR.2,FALSE,1.0000,D,PRYOR,
2008,CO,CO.2,TRUE,0.5541,D,UDALL,SCHAFFER
2008,DE,DE.2,TRUE,0.6469,D,BIDEN,O'DONNELL
2008,GA,GA.2,TRUE,0.4256,R,MARTIN,CHAMBLISS
2008,IA,IA.2,TRUE,0.6271,D,HARKIN,REED
2008,ID,ID.2,TRUE,0.3717,R,LAROCCO,RISCH
2008,IL,IL.2,TRUE,0.7040,D,DURBIN,SAUERBERG
2008,KS,KS.2,TRUE,0.3777,R,SLATTERY,ROBERTS
2008,KY,KY.2,TRUE,0.4703,R,LUNSFORD,MCCONNELL
2008,LA,LA.2,TRUE,0.5326,D,LANDRIEU,KENNEDY
2008,MA,MA.2,TRUE,0.6805,D,KERRY,BEATTY
2008,ME,ME.2,TRUE,0.3862,R,ALLEN,COLLINS
2008,MI,MI.2,TRUE,0.6493,D,LEVIN,HOOGENDYK
2008,MN,MN.2,TRUE,0.5001,D,FRANKEN,COLEMAN
2008,MS,MS.1,TRUE,0.4504,R,MUSGROVE,WICKER
2008,MS,MS.2,TRUE,0.3856,R,FLEMING,COCHRAN
2008,MT,MT.2,TRUE,0.7292,D,BAUCUS,KELLEHER
2008,NC,NC.2,TRUE,0.5437,D,HAGAN,DOLE
2008,NE,NE.2,TRUE,0.4105,R,KLEEB,JOHANNS
2008,NH,NH.2,TRUE,0.5327,D,SHAHEEN,SUNUNU
2008,NJ,NJ.2,TRUE,0.5718,D,LAUTENBERG,ZIMMER
2008,NM,NM.2,TRUE,0.6133,D,UDALL,PEARCE
2008,OK,OK.2,TRUE,0.4087,R,RICE,INHOFE
2008,OR,OR.2,TRUE,0.5177,D,MERKLEY,SMITH
2008,RI,RI.2,TRUE,0.7340,D,REED,TINGLE
2008,SC,SC.2,TRUE,0.4234,R,CONLEY,GRAHAM
2008,SD,SD.2,TRUE,0.6249,D,JOHNSON,DYKSTRA
2008,TN,TN.2,TRUE,0.3269,R,TUKE,ALEXANDER
2008,TX,TX.2,TRUE,0.4386,R,NORIEGA,CORNYN
2008,VA,VA.2,TRUE,0.6585,D,WARNER,GILMORE
2008,WV,WV.2,TRUE,0.6374,D,ROCKEFELLER IV,WOLFE
2008,WY,WY.1,TRUE,0.2656,R,CARTER,BARRASSO
2008,WY,WY.2,TRUE,0.2428,R,ROTHFUSS,ENZI
2010,AK,AK.3,,,,,
2010,AL,AL.3,TRUE,0.3475,R,BARNES,SHELBY
2010,AR,AR.3,TRUE,0.3895,R,LINCOLN,BOOZMAN
2010,AZ,AZ.3,TRUE,0.3706,R,GLASSMAN,MCCAIN
2010,CA,CA.3,TRUE,0.5530,D,BOXER,FIORINA
2010,CO,CO.3,TRUE,0.5086,D,BENNET,BUCK
2010,CT,CT.3,TRUE,0.5607,D,BLUMENTHAL,MCMAHON
2010,DE,DE.2,TRUE,0.5858,D,COONS,O'DONNELL
2010,FL,FL.3,TRUE,0.2923,R,MEEK,RUBIO
2010,GA,GA.3,TRUE,0.4008,R,THURMOND,ISAKSON
2010,HI,HI.3,TRUE,0.7762,D,INOUYE,CAVASSO
2010,IA,IA.3,TRUE,0.3410,R,CONLIN,GRASSLEY
2010,ID,ID.3,TRUE,0.2594,R,SULLIVAN,CRAPO
2010,IL,IL.3,TRUE,0.4915,R,GIANNOULIAS,KIRK
2010,IN,IN.3,TRUE,0.4229,R,ELLSWORTH,COATS
2010,KS,KS.3,TRUE,0.2734,R,JOHNSTON,MORAN
2010,KY,KY.3,TRUE,0.4426,R,CONWAY,PAUL
2010,LA,LA.3,TRUE,0.3998,R,MELANCON,VITTER
2010,MD,MD.3,TRUE,0.6350,D,MIKULSKI,WARGOTZ
2010,MO,MO.3,TRUE,0.4283,R,CARNAHAN,BLUNT
2010,NC,NC.3,TRUE,0.4399,R,MARSHALL,BURR
2010,ND,ND.3,TRUE,0.2257,R,POTTER,HOEVEN
2010,NH,NH.3,TRUE,0.3801,R,HODES,AYOTTE
2010,NV,NV.3,TRUE,0.5303,D,REID,ANGLE
2010,NY,NY.1,TRUE,0.6420,D,GILLIBRAND,DIOGUARDI
2010,NY,NY.3,TRUE,0.6731,D,SCHUMER,TOWNSEND
2010,OH,OH.3,TRUE,0.4094,R,FISHER,PORTMAN
2010,OK,OK.3,TRUE,0.2701,R,ROGERS,COBURN
2010,OR,OR.3,TRUE,0.5932,D,WYDEN,HUFFMAN
2010,PA,PA.3,TRUE,0.4899,R,SESTAK,TOOMEY
2010,SC,SC.3,TRUE,0.3102,R,GREENE,DEMINT
2010,SD,SD.3,FALSE,0.0000,R,,THUNE
2010,UT,UT.3,TRUE,0.3473,R,GRANATO,LEE
2010,VT,VT.3,TRUE,0.6754,D,LEAHY,BRITTON
2010,WA,WA.3,TRUE,0.5236,D,MURRAY,ROSSI
2010,WI,WI.3,TRUE,0.4755,R,FEINGOLD,JOHNSON
2010,WV,WV.1,TRUE,0.5520,D,MANCHIN,RAESE
2012,AZ,AZ.1,TRUE,0.4841,R,CARMONA,FLAKE
2012,CA,CA.1,TRUE,0.6252,D,FEINSTEIN,EMKEN
2012,CT,CT.1,TRUE,0.5600,D,MURPHY,MCMAHON
2012,DE,DE.1,TRUE,0.6964,D,CARPER,WADE
2012,FL,FL.1,TRUE,0.5667,D,NELSON,MACK
2012,HI,HI.1,TRUE,0.6260,D,HIRONO,LINGLE
2012,IN,IN.1,TRUE,0.5306,D,DONNELLY,MOURDOCK
2012,MA,MA.1,TRUE,0.5378,D,WARREN,BROWN
2012,MD,MD.1,TRUE,0.6801,D,CARDIN,BONGINO
2012,ME,ME.1,TRUE,0.6324,D,KING,SUMMERS
2012,MI,MI.1,TRUE,0.6075,D,STABENOW,HOEKSTRA
2012,MN,MN.1,TRUE,0.6812,D,KLOBUCHAR,BILLS
2012,MO,MO.1,TRUE,0.5836,D,MCCASKILL,AKIN
2012,MS,MS.1,TRUE,0.4150,R,GORE,WICKER
2012,MT,MT.1,TRUE,0.5199,D,TESTER,REHBERG
2012,ND,ND.1,TRUE,0.5046,D,HEITKAMP,BERG
2012,NE,NE.1,TRUE,0.4223,R,KERREY,FISCHER
2012,NJ,NJ.1,TRUE,0.5992,D,MENENDEZ,KYRILLOS
2012,NM,NM.1,TRUE,0.5298,D,HEINRICH,WILSON
2012,NV,NV.1,TRUE,0.4936,R,BERKLEY,HELLER
2012,NY,NY.1,TRUE,0.7328,D,GILLIBRAND,LONG
2012,OH,OH.1,TRUE,0.5314,D,BROWN,MANDEL
2012,PA,PA.1,TRUE,0.5463,D,CASEY,SMITH
2012,RI,RI.1,TRUE,0.6496,D,WHITEHOUSE,HINCKLEY
2012,TN,TN.1,TRUE,0.3191,R,CLAYTON,CORKER
2012,TX,TX.1,TRUE,0.4185,R,SADLER,CRUZ
2012,UT,UT.1,TRUE,0.3146,R,HOWELL,HATCH
2012,VA,VA.1,TRUE,0.5296,D,KAINE,ALLEN
2012,VT,VT.1,TRUE,0.7403,D,SANDERS,MACGOVERN
2012,WA,WA.1,TRUE,0.6045,D,CANTWELL,BAUMGARTNER
2012,WI,WI.1,TRUE,0.5285,D,BALDWIN,THOMPSON
2012,WV,WV.1,TRUE,0.6242,D,MANCHIN,RAESE
2012,WY,WY.1,TRUE,0.2225,R,CHESNUT,BARRASSO
2014,AK,AK.2,TRUE,0.4886,R,BEGICH,SULLIVAN
2014,AL,AL.2,FALSE,0.0000,R,,SESSIONS
2014,AR,AR.2,TRUE,0.4110,R,PRYOR,COTTON
2014,CO,CO.2,TRUE,0.4897,R,UDALL,GARDNER
2014,DE,DE.2,TRUE,0.5694,D,COONS,WADE
2014,GA,GA.2,TRUE,0.4608,R,NUNN,PERDUE
2014,HI,HI.3,TRUE,0.7158,D,SCHATZ,CAVASSO
2014,IA,IA.2,TRUE,0.4565,R,BRALEY,ERNST
2014,ID,ID.2,TRUE,0.3467,R,MITCHELL,RISCH
2014,IL,IL.2,TRUE,0.5564,D,DURBIN,OBERWEIS
2014,KS,KS.2,FALSE,0.0000,R,,ROBERTS
2014,KY,KY.2,TRUE,0.4202,R,GRIMES,MCCONNELL
2014,LA,LA.2,TRUE,0.4407,R,LANDRIEU,CASSIDY
2014,MA,MA.2,TRUE,0.6196,D,MARKEY,HERR
2014,ME,ME.2,TRUE,0.3151,R,BELLOWS,COLLINS
2014,MI,MI.2,TRUE,0.5692,D,PETERS,LAND
2014,MN,MN.2,TRUE,0.5533,D,FRANKEN,MCFADDEN
2014,MS,MS.2,TRUE,0.3875,R,CHILDERS,COCHRAN
2014,MT,MT.2,TRUE,0.4095,R,CURTIS,DAINES
2014,NC,NC.2,TRUE,0.4919,R,HAGAN,TILLIS
2014,NE,NE.2,TRUE,0.3286,R,DOMINA,SASSE
2014,NH,NH.2,TRUE,0.5163,D,SHAHEEN,BROWN
2014,NJ,NJ.2,TRUE,0.5688,D,BOOKER,BELL
2014,NM,NM.2,TRUE,0.5556,D,UDALL,WEH
2014,OK,OK.2,TRUE,0.2957,R,SILVERSTEIN,INHOFE
2014,OK,OK.3,TRUE,0.2993,R,JOHNSON,LANKFORD
2014,OR,OR.2,TRUE,0.6019,D,MERKLEY,WEHBY
2014,RI,RI.2,TRUE,0.7070,D,REED,ZACCARIA
2014,SC,SC.2,TRUE,0.4168,R,HUTTO,GRAHAM
2014,SC,SC.3,TRUE,0.3777,R,DICKERSON,SCOTT
2014,SD,SD.2,TRUE,0.3694,R,WEILAND,ROUNDS
2014,TN,TN.2,TRUE,0.3400,R,BALL,ALEXANDER
2014,TX,TX.2,TRUE,0.3582,R,ALAMEEL,CORNYN
2014,VA,VA.2,TRUE,0.5042,D,WARNER,GILLESPIE
2014,WV,WV.2,TRUE,0.3568,R,TENNANT,CAPITO
2014,WY,WY.2,TRUE,0.1946,R,HARDY,ENZI
2016,AK,AK.3,TRUE,0.2076,R,METCALFE,MURKOWSKI
2016,AL,AL.3,TRUE,0.3593,R,CRUMPTON,SHELBY
2016,AR,AR.3,TRUE,0.3770,R,ELDRIDGE,BOOZMAN
2016,AZ,AZ.3,TRUE,0.4314,R,KIRKPATRICK,MCCAIN
2016,CA,CA.3,FALSE,1.0000,D,HARRIS,
2016,CO,CO.3,TRUE,0.5300,D,BENNET,GLENN
2016,CT,CT.3,TRUE,0.6461,D,BLUMENTHAL,CARTER
2016,FL,FL.3,TRUE,0.4602,R,MURPHY,RUBIO
2016,GA,GA.3,TRUE,0.4282,R,BARKSDALE,ISAKSON
2016,HI,HI.3,TRUE,0.7679,D,SCHATZ,CARROLL
2016,IA,IA.3,TRUE,0.3724,R,JUDGE,GRASSLEY
2016,ID,ID.3,TRUE,0.2954,R,STURGILL,CRAPO
2016,IL,IL.3,TRUE,0.5797,D,DUCKWORTH,KIRK
2016,IN,IN.3,TRUE,0.4487,R,BAYH,YOUNG
2016,KS,KS.3,TRUE,0.3415,R,WIESNER,MORAN
2016,KY,KY.3,TRUE,0.4273,R,GRAY,PAUL
2016,LA,LA.3,TRUE,0.3935,R,CAMPBELL,KENNEDY
2016,MD,MD.3,TRUE,0.6306,D,VAN HOLLEN,SZELIGA
2016,MO,MO.3,TRUE,0.4854,R,KANDER,BLUNT
2016,NC,NC.3,TRUE,0.4705,R,ROSS,BURR
2016,ND,ND.3,TRUE,0.1778,R,GLASSHEIM,HOEVEN
2016,NH,NH.3,TRUE,0.5007,D,HASSAN,AYOTTE
2016,NV,NV.3,TRUE,0.5132,D,MASTO,HECK
2016,NY,NY.3,TRUE,0.7221,D,SCHUMER,LONG
2016,OH,OH.3,TRUE,0.3904,R,STRICKLAND,PORTMAN
2016,OK,OK.3,TRUE,0.2662,R,WORKMAN,LANKFORD
2016,OR,OR.3,TRUE,0.6293,D,WYDEN,CALLAHAN
2016,PA,PA.3,TRUE,0.4925,R,MCGINTY,TOOMEY
2016,SC,SC.3,TRUE,0.3788,R,DIXON,SCOTT
2016,SD,SD.3,TRUE,0.2817,R,WILLIAMS,THUNE
2016,UT,UT.3,TRUE,0.2842,R,SNOW,LEE
2016,VT,VT.3,TRUE,0.6497,D,LEAHY,MILNE
2016,WA,WA.3,TRUE,0.5901,D,MURRAY,VANCE
2016,WI,WI.3,TRUE,0.4827,R,FEINGOLD,JOHNSON
2018,AZ,AZ.1,TRUE,0.5120,D,SINEMA,MCSALLY
2018,CA,CA.1,FALSE,1.0000,D,FEINSTEIN,
2018,CT,CT.1,TRUE,0.6020,D,MURPHY,COREY
2018,DE,DE.1,TRUE,0.6132,D,CARPER,ARLETT
2018,FL,FL.1,TRUE,0.4994,R,NELSON,SCOTT
2018,HI,HI.1,TRUE,0.7115,D,HIRONO,CURTIS
2018,IN,IN.1,TRUE,0.4692,R,DONNELLY,BRAUN
2018,MA,MA.1,TRUE,0.6252,D,WARREN,DIEHL
2018,MD,MD.1,TRUE,0.6815,D,CARDIN,CAMPBELL
2018,ME,ME.1,TRUE,0.6066,D,KING,BRAKEY
2018,MI,MI.1,TRUE,0.5332,D,STABENOW,JAMES
2018,MN,MN.1,TRUE,0.6248,D,KLOBUCHAR,NEWBERGER
2018,MN,MN.2,TRUE,0.5557,D,SMITH,HOUSLEY
2018,MO,MO.1,TRUE,0.4700,R,MCCASKILL,HAWLEY
2018,MS,MS.1,TRUE,0.4029,R,BARIA,WICKER
2018,MS,MS.2,TRUE,0.4637,R,ESPY,HYDE-SMITH
2018,MT,MT.1,TRUE,0.5183,D,TESTER,ROSENDALE
2018,ND,ND.1,TRUE,0.4455,R,HEITKAMP,CRAMER
2018,NE,NE.1,TRUE,0.4010,R,RAYBOULD,FISCHER
2018,NJ,NJ.1,TRUE,0.5577,D,MENENDEZ,HUGIN
2018,NM,NM.1,TRUE,0.6392,D,HEINRICH,RICH
2018,NV,NV.1,TRUE,0.5262,D,ROSEN,HELLER
2018,NY,NY.1,TRUE,0.6700,D,GILLIBRAND,FARLEY
2018,OH,OH.1,TRUE,0.5342,D,BROWN,RENACCI
2018,PA,PA.1,TRUE,0.5654,D,CASEY,BARLETTA
2018,RI,RI.1,TRUE,0.6158,D,WHITEHOUSE,FLANDERS
2018,TN,TN.1,TRUE,0.4453,R,BREDESEN,BLACKBURN
2018,TX,TX.1,TRUE,0.4871,R,O'ROURKE,CRUZ
2018,UT,UT.1,TRUE,0.3306,R,WILSON,ROMNEY
2018,VA,VA.1,TRUE,0.5816,D,KAINE,STEWART
2018,VT,VT.1,TRUE,0.7108,D,SANDERS,ZUPAN
2018,WA,WA.1,TRUE,0.5843,D,CANTWELL,HUTCHISON
2018,WI,WI.1,TRUE,0.5542,D,BALDWIN,VUKMIR
2018,WV,WV.1,TRUE,0.5169,D,MANCHIN,MORRISEY
2018,WY,WY.1,TRUE,0.3101,R,TRAUNER,BARRASSO