District,Code,Party,first_name,last_name,First Elected,Birth Year,Gender,Race/ Ethnicity,Religion,LGBTQ,Pre-2020 Incumbent,biden_2020,trump_2020,dem_house_2020,rep_house_2020,white_%,black_%,latino_%,asian_%,native_%
Alabama's 1st,AL-01,Republican,Jerry,Carl,2020,1958,Man,White - Non-Hispanic,Christian - Protestant - Southern Baptist,No,Open - Ran for Senate,35.29404675,63.68753126,35.53870698,64.36982451,68.31974998,26.35233132,2.063235115,1.068578005,1.092906401
Alabama's 2nd,AL-02,Republican,Barry,Moore,2020,1966,Man,White - Non-Hispanic,Christian - Protestant - Southern Baptist,No,Open - Retired,35.13892421,63.88785644,34.68272452,65.22273355,65.27110302,30.51023176,1.933958608,0.6297961398,0.3962871095
Alabama's 3rd,AL-03,Republican,Mike,Rogers,2002,1958,Man,White - Non-Hispanic,Christian - Protestant - Southern Baptist,No,Won,33.7176396,65.28648985,32.4593308,67.46153416,70.74936121,25.26457607,1.803484321,0.8343786295,0.2991869919
Alabama's 4th,AL-04,Republican,Robert,Aderholt,1996,1965,Man,White - Non-Hispanic,Christian - Protestant - Congregationalist,No,Won,17.81370333,81.23314366,17.6829786,82.24187102,88.47309051,6.962910784,2.172913426,0.4177550801,0.746480389
Alabama's 5th,AL-05,Republican,Mo,Brooks,2010,1954,Man,White - Non-Hispanic,Christian - Protestant - Nondenominational,No,Won,35.6521572,62.72826394,0,95.8108722,76.63040462,17.29015189,2.39681042,1.223844147,0.6512367949
Alabama's 6th,AL-06,Republican,Gary,Palmer,2014,1954,Man,White - Non-Hispanic,Christian - Protestant - Presbyterian,No,Won,31.76423869,67.03226347,0,97.12996128,80.7132278,15.14358807,1.830194849,1.044451711,0.2260093481
Alabama's 7th,AL-07,Democratic,Terri,Sewell,2010,1965,Woman,Black - African-American,Christian - Protestant - Methodist,No,Won,70.78985035,28.48138267,97.16396004,0,35.26764752,62.23293943,1.165088433,0.4372750039,0.1486930662
Alaska's At-Large,AK-AL,Republican,Don,Young,1973 Special,1933,Man,White - Non-Hispanic,Christian - Protestant - Episcopalian,No,Won,43.00652461,53.12289376,45.26382852,54.40120057,66.95419365,3.097749748,5.640242465,5.415877146,13.34502296
Arizona's 1st,AZ-01,Democratic,Tom,O'Halleran,2016,1946,Man,White - Non-Hispanic,Christian - Roman Catholic,No,Won,50.10506479,48.36272917,51.61017367,48.38982633,55.05547415,2.24445031,18.29236104,1.39436248,21.33046937
Arizona's 2nd,AZ-02,Democratic,Ann,Kirkpatrick,"2018, 2012-2016, 2008-2010",1950,Woman,White - Non-Hispanic,Christian - Roman Catholic,No,Won,54.5192573,43.89044441,55.09586568,44.8689687,68.33801459,3.538288977,22.4959908,2.623358084,1.037292472
Arizona's 3rd,AZ-03,Democratic,Raúl,Grijalva,2002,1948,Man,Hispanic - Mexican,Christian - Roman Catholic,No,Won,62.79493136,35.74149811,64.57342766,35.42657234,36.11070219,5.225967908,52.13665328,1.763369856,3.519379193
Arizona's 4th,AZ-04,Republican,Paul,Gosar,2010,1958,Man,White - Non-Hispanic,Christian - Roman Catholic,No,Won,30.59295331,68.00100986,30.22504973,69.74058195,79.7937425,1.741786714,14.19126469,1.217633995,1.465245101
Arizona's 5th,AZ-05,Republican,Andy,Biggs,2016,1958,Man,White - Non-Hispanic,Christian - Mormon,No,Won,41.93961314,56.4456892,41.10134027,58.88250381,76.64732419,3.041282881,14.13017157,3.65294756,0.9713091597
Arizona's 6th,AZ-06,Republican,David,Schweikert,2010,1962,Man,White - Non-Hispanic,Christian - Roman Catholic,No,Won,47.27082215,51.38829777,47.82728477,52.17271523,80.18000495,2.573646426,11.21848145,3.074053117,1.442868763
Arizona's 7th,AZ-07,Democratic,Ruben,Gallego,2014,1979,Man,Hispanic - Mexican/Colombian,Christian - Roman Catholic,No,Won,73.66305628,24.72966704,76.69330466,23.28166429,31.93344849,11.83244566,48.98757257,2.642627513,2.848951586
Arizona's 8th,AZ-08,Republican,Debbie,Lesko,2018 Special,1958,Woman,White - Non-Hispanic,Christian - Protestant,No,Won,41.3919973,57.28257304,40.43298056,59.56275875,74.78998882,4.410018119,15.31586202,3.196331198,0.6415202296
Arizona's 9th,AZ-09,Democratic,Greg,Stanton,2018,1970,Man,White - Non-Hispanic,Christian - Roman Catholic,No,Won,60.78991752,37.33588577,61.62646122,38.37353878,66.69238825,5.78092561,19.14879935,3.674511749,2.625438645
Arkansas' 1st,AR-01,Republican,Rick,Crawford,2010,1966,Man,White - Non-Hispanic,Christian - Protestant - Southern Baptist,No,Won,27.93325286,69.05841479,0,100,79.27636094,16.53535381,1.805437359,0.3303410474,0.3532178512
Arkansas' 2nd,AR-02,Republican,French,Hill,2014,1956,Man,White - Non-Hispanic,Christian - Roman Catholic,No,Won,44.26378518,53.11372234,44.63418375,55.36581625,73.05533138,21.70685634,2.410493362,1.019892335,0.2988727973
Arkansas' 3rd,AR-03,Republican,Steve,Womack,2010,1957,Man,White - Non-Hispanic,Christian - Protestant - Southern Baptist,No,Won,35.17659459,61.86646579,31.80888046,64.30883558,85.01858364,2.964295775,6.76735458,2.04919895,1.136828331
Arkansas' 4th,AR-04,Republican,Bruce,Westerman,2014,1967,Man,White - Non-Hispanic,Christian - Protestant - Southern Baptist,No,Won,29.60209379,67.65016753,27.54194921,69.67004199,76.10185635,19.0546446,2.485713219,0.481828708,0.6676502446
California's 1st,CA-01,Republican,Doug,LaMalfa,2012,1960,Man,White - Non-Hispanic,Christian - Protestant,No,Won,41.128601,56.40151064,43.00555737,56.99444263,81.9499945,1.635993694,9.795798658,2.309638157,1.520511786
California's 2nd,CA-02,Democratic,Jared,Huffman,2012,1964,Man,White - Non-Hispanic,Unknown/Refused,No,Won,73.64857937,23.92305249,75.73793263,24.26206737,79.90963798,1.560453329,10.17237124,3.53380033,1.782561649
California's 3rd,CA-03,Democratic,John,Garamendi,2009 Special,1945,Man,White - Non-Hispanic,Christian - Protestant,No,Won,54.88382599,42.65258904,54.67377666,45.32622334,57.00180977,6.863060527,20.93102755,10.8505932,0.7470339835
California's 4th,CA-04,Republican,Tom,McClintock,2008,1956,Man,White - Non-Hispanic,Christian - Protestant - Baptist,No,Won,43.94979001,53.69396963,44.05459457,55.94540543,80.79353364,1.319555708,10.17930116,4.408720229,0.6822805091
California's 5th,CA-05,Democratic,Mike,Thompson,1998,1951,Man,White - Non-Hispanic,Christian - Roman Catholic,No,Won,72.44896,25.26284606,76.09072547,23.90927453,60.49829412,6.800908492,17.70477942,11.25487921,0.4886585977
California's 6th,CA-06,Democratic,Doris,Matsui,2005 Special,1944,Woman,Asian - Japanese,Christian - Protestant - Methodist,No,Won,70.2541675,27.22724097,73.34325517,26.65674483,44.49359412,14.02566429,21.12258314,16.19764965,0.4668086798
California's 7th,CA-07,Democratic,Ami,Bera,2012,1965,Man,Asian - Indian,Unitarian Universalist,No,Won,55.6481876,41.85074733,56.62391103,43.37608897,59.94667021,7.546829629,13.860052,14.48065134,0.4450475413
California's 8th,CA-08,Republican,Jay,Obernolte,2020,1970,Man,White - Non-Hispanic,Christian - Protestant,No,Open - Ran for county board of supervisors,43.58262412,54.04840278,43.94036261,56.05963739,53.95086217,7.988833265,31.83254096,3.200990733,0.9760397972
California's 9th,CA-09,Democratic,Jerry,McNerney,2006,1951,Man,White - Non-Hispanic,Christian - Roman Catholic,No,Won,57.91499584,39.90764472,57.58302766,42.41697234,43.8218406,10.03944293,28.72249305,14.00065562,0.3003161779
California's 10th,CA-10,Democratic,Josh,Harder,2018,1986,Man,White - Non-Hispanic,Christian - Protestant,No,Won,50.32992583,47.43787912,55.16307761,44.83692239,53.2451846,3.613955576,32.63035252,7.328387883,0.5387262971
California's 11th,CA-11,Democratic,Mark,DeSaulnier,2014,1952,Man,White - Non-Hispanic,Christian - Roman Catholic,No,Won,74.32415165,23.60377698,72.99276166,27.00723834,55.84071063,9.046695539,17.27142096,13.77955525,0.2210677573
California's 12th,CA-12,Democratic,Nancy,Pelosi,1987 Special,1940,Woman,White - Non-Hispanic,Christian - Roman Catholic,No,Won,86.09117297,11.8797284,77.63493594,0,48.50298872,5.55653804,11.24305875,31.1896509,0.1998373006
California's 13th,CA-13,Democratic,Barbara,Lee,1998 Special,1946,Woman,Black - African-American,Christian - Protestant - Baptist,No,Won,88.93843552,8.989178097,90.36569299,9.634307008,41.96143495,18.71629899,14.08231969,20.76898591,0.4398614822
California's 14th,CA-14,Democratic,Jackie,Speier,2008 Special,1950,Woman,White - Non-Hispanic,Christian - Roman Catholic,No,Won,77.66322833,20.49062209,79.28661985,20.71338015,41.24010818,3.440849444,17.79825704,34.50065111,0.1552639487
California's 15th,CA-15,Democratic,Eric,Swalwell,2012,1980,Man,White - Non-Hispanic,Christian - Protestant,No,Won,71.50295328,26.42387258,70.90466617,29.09533383,41.66787287,6.909493187,17.95661794,29.99731188,0.3442856847
California's 16th,CA-16,Democratic,Jim,Costa,2004,1952,Man,White - Portuguese-American,Christian - Roman Catholic,No,Won,58.83598749,38.92479276,59.37830193,40.62169807,33.04426692,7.368708768,47.86989527,9.267104822,0.6671719117
California's 17th,CA-17,Democratic,Ro,Khanna,2016,1976,Man,Asian - Indian,Hindu,No,Won,72.49369839,25.54812757,71.34588479,28.65411521,32.49153064,3.019311273,15.0931344,46.45541754,0.2543658534
California's 18th,CA-18,Democratic,Anna,Eshoo,1992,1942,Woman,White - Armenian,Christian - Chaldean Catholic,No,Won,76.36971295,21.30557997,63.1686615,0,63.66571503,2.090838308,11.6750584,19.49961069,0.209706722
California's 19th,CA-19,Democratic,Zoe,Lofgren,1994,1947,Woman,White - Non-Hispanic,Christian - Protestant - Lutheran,No,Won,70.02828967,27.94080647,71.68231494,28.31768506,33.31855324,3.290682207,30.98329849,29.57707819,0.2470387027
California's 20th,CA-20,Democratic,Jimmy,Panetta,2016,1969,Man,White - Non-Hispanic,Christian - Roman Catholic,No,Won,72.71918813,25.03186411,76.77618828,23.22381172,53.28393281,2.562700665,34.85761482,6.037411009,0.323391187
California's 21st,CA-21,Republican,David,Valadao,"2020, 2012-2018",1977,Man,White - Portuguese-American,Christian - Roman Catholic,No,Lost,54.37511624,43.50648596,49.55323071,50.44676929,27.46011113,5.725141772,60.68393161,3.82818861,0.599940006
California's 22nd,CA-22,Republican,Devin,Nunes,2002,1973,Man,White - Portuguese-American,Christian - Roman Catholic,No,Won,46.24363415,51.64793877,45.77376967,54.22623033,49.28372548,3.146719378,37.60547514,7.657973602,0.5026674318
California's 23rd,CA-23,Republican,Kevin,McCarthy,2006,1965,Man,White - Non-Hispanic,Christian - Protestant - Baptist,No,Won,40.4853005,57.10600087,37.85991023,62.14008977,55.07474673,6.767358537,30.45259863,4.652623342,0.7093731983
California's 24th,CA-24,Democratic,Salud,Carbajal,2016,1964,Man,Hispanic - Mexican,Christian - Roman Catholic,No,Won,60.72154931,36.90138917,58.6634285,41.3365715,66.86504602,2.092869218,23.60780204,4.55646397,0.5031981256
California's 25th,CA-25,Republican,Mike,Garcia,2020 Special,1976,Man,Hispanic - Mexican,Christian - Protestant,No,Won,53.95033343,43.85438469,49.9508767,50.0491233,49.48217549,8.191710606,31.26903767,8.313551667,0.3802281369
California's 26th,CA-26,Democratic,Julia,Brownley,2012,1952,Woman,White - Non-Hispanic,Christian - Protestant - Episcopalian,No,Won,61.37612264,36.48884649,60.58485843,39.41514157,55.26150237,2.10694674,33.36994189,6.834781682,0.3316095324
California's 27th,CA-27,Democratic,Judy,Chu,2009 Special,1953,Woman,Asian - Chinese,Unitarian Universalist,No,Won,67.16825698,30.84454454,69.77574547,30.22425453,32.24576886,5.251382761,24.87829636,35.51260539,0.2786236613
California's 28th,CA-28,Democratic,Adam,Schiff,2000,1960,Man,White - Non-Hispanic,Jewish,No,Won,70.88976537,27.24222669,72.6566706,27.3433294,61.55694953,3.250127153,20.30057942,12.19371117,0.251313913
California's 29th,CA-29,Democratic,Tony,Cardenas,2012,1963,Man,Hispanic - Mexican,Christian - Protestant,No,Won,74.09511192,23.6692939,56.61218143,0,27.93907305,5.14290733,56.41012773,9.154099019,0.1932197435
California's 30th,CA-30,Democratic,Brad,Sherman,1996,1954,Man,White - Non-Hispanic,Jewish,No,Won,68.70172292,29.43658272,69.48278258,30.51721742,58.09883976,5.481148431,21.90649469,12.08443674,0.2200461049
California's 31st,CA-31,Democratic,Pete,Aguilar,2014,1979,Man,Hispanic - Mexican,Christian - Roman Catholic,No,Won,58.79664324,38.89474004,61.28823632,38.71176368,33.52155131,11.82695267,44.92182939,7.200399079,0.2823269686
California's 32nd,CA-32,Democratic,Grace,Napolitano,1998,1936,Woman,Hispanic - Mexican,Christian - Roman Catholic,No,Won,65.15397539,32.8115699,66.5776101,33.4223899,20.96888889,3.373333333,55.08666667,19.04777778,0.2755555556
California's 33rd,CA-33,Democratic,Ted,Lieu,2014,1969,Man,Asian - Taiwanese,Christian - Roman Catholic,No,Won,69.01574366,29.03645519,67.58019914,32.41980086,69.69616027,3.153827808,11.63176723,12.19937992,0.178392559
California's 34th,CA-34,Democratic,Jimmy,Gomez,2017 Special,1974,Man,Hispanic - Mexican,Christian - Roman Catholic,No,Won,80.79968659,16.90061014,52.97984865,0,17.8856193,7.434485624,50.31036543,22.32033867,0.3155598265
California's 35th,CA-35,Democratic,Norma,Torres,2014,1965,Woman,Hispanic - Guatemalan,Christian - Roman Catholic,No,Won,65.14284595,32.64289491,69.32996652,30.67003348,20.22913638,7.988368712,61.90636813,7.612678104,0.297760977
California's 36th,CA-36,Democratic,Raul,Ruiz,2012,1972,Man,Hispanic - Mexican,Christian - Protestant - Seventh-Day Adventist,No,Won,55.93535497,42.31381522,60.33945035,39.66054965,53.00477078,4.675566658,36.7564856,3.326235181,0.7586150413
California's 37th,CA-37,Democratic,Karen,Bass,2010,1953,Woman,Black - African-American,Christian - Protestant - Baptist,No,Won,84.32517947,13.831786,85.93997053,14.06002947,31.62467794,28.59221888,26.79732221,10.13550661,0.1918868514
California's 38th,CA-38,Democratic,Linda,Sánchez,2002,1969,Woman,Hispanic - Mexican,Christian - Roman Catholic,No,Won,65.57418595,32.26978551,74.34135032,0,21.83361413,4.140453392,56.16003071,16.29523789,0.3742722484
California's 39th,CA-39,Republican,Young,Kim,2020,1962,Woman,Asian - Korean,Christian - Protestant,No,Lost,54.10551843,43.95813646,49.40238464,50.59761536,37.0510436,2.744368671,28.76730729,29.27980988,0.2479851209
California's 40th,CA-40,Democratic,Lucille,Roybal-Allard,1992,1941,Woman,Hispanic - Mexican,Christian - Roman Catholic,No,Won,77.09061205,20.60595026,72.73917406,27.26082594,8.142645328,7.551092157,79.93304902,3.58141881,0.2415126641
California's 41st,CA-41,Democratic,Mark,Takano,2012,1960,Man,Asian - Japanese,Christian - Protestant - Methodist,Gay,Won,61.68278943,36.14148055,64.03019351,35.96980649,30.62110236,11.13205686,49.71887638,6.27239947,0.3890794709
California's 42nd,CA-42,Republican,Ken,Calvert,1992,1953,Man,White - Non-Hispanic,Christian - Protestant - Episcopalian,No,Won,45.34684226,52.73561042,42.86762289,57.13237711,50.61247754,6.28030991,31.16486659,9.057712,0.3748285256
California's 43rd,CA-43,Democratic,Maxine,Waters,1990,1938,Woman,Black - African-American,Christian - Protestant,No,Won,76.92813344,20.93172146,71.68457492,28.31542508,19.94304275,27.80497289,35.24258298,14.15925155,0.2573369627
California's 44th,CA-44,Democratic,Nanette,Barragan,2016,1976,Woman,Hispanic - Mexican,Christian - Roman Catholic,No,Won,78.41701216,19.18146243,67.78475606,0,10.45253067,21.79543346,58.4127925,7.590712298,0.2912070921
California's 45th,CA-45,Democratic,Katie,Porter,2018,1974,Woman,White - Non-Hispanic,Christian - Protestant - Episcopalian,No,Won,54.62103764,43.31619537,53.46400314,46.53599686,59.46908635,1.77904339,15.1879917,20.76451566,0.1795453449
California's 46th,CA-46,Democratic,Lou,Correa,2016,1958,Man,Hispanic - Mexican,Christian - Roman Catholic,No,Won,64.31755793,33.50948794,68.75378509,31.24621491,29.25037976,2.378971006,49.58060894,17.15078264,0.2417277591
California's 47th,CA-47,Democratic,Alan,Lowenthal,2012,1941,Man,White - Non-Hispanic,Jewish,No,Won,62.44855652,35.31614359,63.27187949,36.72812051,40.47974593,8.15210533,25.73297438,23.01034787,0.3323097632
California's 48th,CA-48,Republican,Michelle,Steel,2020,1955,Woman,Asian - Korean,Christian - Protestant,No,Lost,49.72906643,48.24583892,48.94001519,51.05998481,62.49297666,1.354195435,15.23993639,18.39020256,0.2742674298
California's 49th,CA-49,Democratic,Mike,Levin,2018,1978,Man,Hispanic - Mexican / Jewish,Christian - Roman Catholic,No,Won,55.22997967,42.50470086,53.12957625,46.87042375,68.6506588,2.634210756,19.48325582,6.544261149,0.2708974571
California's 50th,CA-50,Republican,Darrell,Issa,"2020, 2000-2018",1953,Man,White - Middle Eastern - Lebanese,Christian - Eastern Orthodox,No,Vacant - Resigned,44.99621078,52.70652581,46.04680041,53.95319959,64.8829632,2.908429448,22.55382094,5.882823275,0.9724748636
California's 51st,CA-51,Democratic,Juan,Vargas,2012,1961,Man,Hispanic - Mexican,Christian - Roman Catholic,No,Won,66.85864716,30.88420883,68.30475546,31.69524454,19.45331659,8.48376099,60.51438483,9.518511873,0.483282493
California's 52nd,CA-52,Democratic,Scott,Peters,2012,1958,Man,White - Non-Hispanic,Christian - Protestant - Lutheran,No,Won,63.38669563,34.20266205,61.57580802,38.42419198,64.90334963,3.212539414,12.30452863,16.20161769,0.2860668099
California's 53rd,CA-53,Democratic,Sara,Jacobs,2020,1989,Woman,White - Non-Hispanic,Jewish,No,Open - Retired,66.95237455,30.88076308,40.49895777,0,47.9603423,8.323871242,27.17143464,13.13799884,0.2492453405
Colorado's 1st,CO-01,Democratic,Diana,DeGette,1996,1957,Woman,White - Non-Hispanic,Christian - Protestant - Presbyterian,No,Won,75.57481156,22.07779043,73.64609474,23.53039153,68.55738293,7.862147838,18.48014407,2.666234243,0.505253096
Colorado's 2nd,CO-02,Democratic,Joe,Neguse,2018,1984,Man,Black - Eritrean,Christian - Protestant,No,Won,63.71859618,33.63573174,61.45971303,35.40044564,87.53571692,0.8743992599,7.47414873,2.237577881,0.379888817
Colorado's 3rd,CO-03,Republican,Lauren,Boebert,2020,1986,Woman,White - Non-Hispanic,Christian - Protestant - Nondenominational,No,Open - Lost in primary,46.05142806,51.57844304,45.2162611,51.39162255,76.9977981,0.8282061273,18.81224005,0.7240007612,1.419005247
Colorado's 4th,CO-04,Republican,Ken,Buck,2014,1959,Man,White - Non-Hispanic,Christian - Protestant,No,Won,40.77876244,56.62905183,36.61175272,60.11403747,79.35782693,1.222888166,16.07582803,1.441485025,0.4793004901
Colorado's 5th,CO-05,Republican,Doug,Lamborn,2006,1954,Man,White - Non-Hispanic,Christian - Protestant,No,Won,41.75657612,54.6863176,37.37219795,57.58764312,76.55420168,5.613174552,12.36970958,2.284993826,0.4145113516
Colorado's 6th,CO-06,Democratic,Jason,Crow,2018,1979,Man,White - Non-Hispanic,Christian - Protestant - Nondenominational,No,Won,58.21072191,39.24659859,57.0876656,39.95502574,70.81125229,8.731565612,13.12704762,4.688761636,0.4315665401
Colorado's 7th,CO-07,Democratic,Ed,Perlmutter,2006,1953,Man,White - Non-Hispanic,Christian - Protestant,No,Won,59.96763084,37.12756683,59.12457166,37.59546308,72.82626317,1.580653877,20.7943799,2.737998739,0.6043411691
Connecticut's 1st,CT-01,Democratic,John,Larson,1998,1948,Man,White - Non-Hispanic,Christian - Roman Catholic,No,Won,63.25194817,35.26650699,63.75842193,34.96508102,68.47969492,13.08153812,13.82883447,3.132673992,0.1011161295
Connecticut's 2nd,CT-02,Democratic,Joe,Courtney,2006,1953,Man,White - Non-Hispanic,Christian - Roman Catholic,No,Won,54.46511283,43.52915954,59.36636155,38.22093191,85.8934312,3.604506088,6.331108217,2.217527116,0.2640997386
Connecticut's 3rd,CT-03,Democratic,Rosa,DeLauro,1990,1943,Woman,White - Non-Hispanic,Christian - Roman Catholic,No,Won,59.90902909,38.8206513,58.72996611,39.75602498,71.64547459,12.41964998,11.4437198,2.979402243,0.1079153568
Connecticut's 4th,CT-04,Democratic,Jim,Himes,2008,1966,Man,White - Non-Hispanic,Christian - Protestant - Presbyterian,No,Won,64.15651003,34.49678332,62.15397431,36.2726831,70.28520665,11.39070522,13.31308686,3.901577365,0.1642443212
Connecticut's 5th,CT-05,Democratic,Jahana,Hayes,2018,1973,Woman,Black - African-American,Christian - Protestant - Methodist,No,Won,54.5781664,43.93687245,55.07032421,43.48428148,76.59630147,6.394898038,13.35969605,2.451151431,0.1153369001
Delaware's At-Large,DE-AL,Democratic,Lisa,Blunt Rochester,2016,1962,Woman,Black - African-American,Christian - Protestant,No,Won,58.78216702,39.80139283,57.62836136,40.22200832,69.70856826,21.02228345,5.277584468,2.253199074,0.362869438
Florida's 1st,FL-01,Republican,Matt,Gaetz,2016,1982,Man,White - Non-Hispanic,Christian - Protestant - Baptist,No,Won,32.42044067,65.90407969,34.01389085,64.60933688,77.00598389,12.85588646,4.81556847,2.264222525,0.4862991257
Florida's 2nd,FL-02,Republican,Neal,Dunn,2016,1953,Man,White - Non-Hispanic,Christian - Roman Catholic,No,Won,31.98927467,67.03308165,0,97.86473675,79.51979548,12.71934137,4.691201316,1.232691809,0.4085135292
Florida's 3rd,FL-03,Republican,Kat,Cammack,2020,1988,Woman,White - Non-Hispanic,Christian - Protestant,No,Open - Retired,42.79204182,56.01232293,42.86003366,57.13996634,72.51187392,15.2759787,7.877266839,2.441350029,0.2527705815
Florida's 4th,FL-04,Republican,John,Rutherford,2016,1952,Man,White - Non-Hispanic,Christian - Roman Catholic,No,Won,38.85023937,59.90327286,38.90026538,61.09577376,79.43505808,8.921211295,6.383486051,3.364614913,0.2333344688
Florida's 5th,FL-05,Democratic,Al,Lawson,2016,1948,Man,Black - African-American,Christian - Protestant - Episcopalian,No,Won,62.6968659,36.17197575,65.12776988,34.87223012,44.56077868,45.77933581,5.729176378,2.042738071,0.2983460441
Florida's 6th,FL-06,Republican,Michael,Waltz,2018,1974,Man,White - Non-Hispanic,Christian - Protestant,No,Won,40.80001238,58.26798801,39.35197873,60.61193634,77.99797216,9.489772832,9.90874735,1.370884623,0.3192585827
Florida's 7th,FL-07,Democratic,Stephanie,Murphy,2016,1978,Woman,Asian - Vietnamese,Christian - Protestant,No,Won,54.59004145,44.20466596,55.34421293,43.24035734,63.35582055,9.597872228,21.84753316,3.549222342,0.1400313529
Florida's 8th,FL-08,Republican,Bill,Posey,2008,1947,Man,White - Non-Hispanic,Christian - Protestant - Methodist,No,Won,40.63932513,58.26059029,38.64715913,61.35284087,80.04855952,8.406973352,8.168465485,1.682424201,0.2513769969
Florida's 9th,FL-09,Democratic,Darren,Soto,2016,1978,Man,Hispanic - Puerto Rican,Christian - Roman Catholic,No,Won,52.98740991,46.05510446,56.0294946,43.96468655,48.95822472,11.31182011,35.66798735,2.590970702,0.2311194523
Florida's 10th,FL-10,Democratic,Val,Demings,2016,1957,Woman,Black - African-American,Christian - Protestant,No,Won,62.01869453,37.01646899,63.61209043,36.36824948,43.57868598,26.26056792,23.56503772,4.853660386,0.1393259279
Florida's 11th,FL-11,Republican,Daniel,Webster,2010,1949,Man,White - Non-Hispanic,Christian - Protestant - Southern Baptist,No,Won,33.80426306,65.44469113,33.27783309,66.72216691,83.34854051,6.222293997,8.106100367,0.98025758,0.331866446
Florida's 12th,FL-12,Republican,Gus,Bilirakis,2006,1963,Man,White - Non-Hispanic,Christian - Eastern Orthodox,No,Won,41.03376789,57.92750442,37.11785671,62.88214329,82.45827583,4.231135189,9.95808296,2.016132489,0.2845901302
Florida's 13th,FL-13,Democratic,Charlie,Crist,2016,1956,Man,White - Non-Hispanic,Christian - Protestant - Methodist,No,Won,51.49471737,47.402746,53.03908895,46.95918744,77.32751107,11.229278,7.061547536,2.831309921,0.2561912895
Florida's 14th,FL-14,Democratic,Kathy,Castor,2006,1966,Woman,White - Non-Hispanic,Christian - Protestant - Presbyterian,No,Won,57.22114782,41.63667406,60.25754025,39.74245975,53.26074639,17.17817481,24.26814988,3.355178666,0.2049180328
Florida's 15th,FL-15,Republican,Scott,Franklin,2020,1964,Man,White - Non-Hispanic,Christian - Protestant - Presbyterian,No,Open - Lost in primary,45.15143144,53.67553993,44.61477816,55.38522184,65.51200352,13.46677572,16.99368141,2.360258496,0.2705399114
Florida's 16th,FL-16,Republican,Vern,Buchanan,2006,1951,Man,White - Non-Hispanic,Christian - Protestant - Southern Baptist,No,Won,45.53016884,53.57641529,44.49971528,55.50028472,79.25207061,7.409018656,10.40073622,1.730946206,0.2434535263
Florida's 17th,FL-17,Republican,Greg,Steube,2018,1978,Man,White - Non-Hispanic,Christian - Protestant - Methodist,No,Won,35.93493819,63.30608624,34.06596071,64.62559136,81.38718099,6.545568964,9.814526622,1.036643961,0.2593735915
Florida's 18th,FL-18,Republican,Brian,Mast,2016,1980,Man,Hispanic - Mexican,Christian - Protestant,No,Won,45.45020117,53.88826616,41.5089389,56.32082184,75.32328719,10.90853338,10.9970212,1.711932714,0.1655861223
Florida's 19th,FL-19,Republican,Byron,Donalds,2020,1978,Man,Black - African-American,Christian - Protestant,No,Open - Retired,39.57504396,59.73034584,38.72025624,61.27906898,80.11392886,5.750453606,11.85366471,1.401746909,0.156124731
Florida's 20th,FL-20,Democratic,Alcee,Hastings,1992,1936,Man,Black - African-American,Christian - Protestant - African Methodist Episcopal,No,Won,77.3258268,22.11087932,78.67677391,21.32322609,23.8983736,51.58648713,20.32424252,2.629805848,0.1212799701
Florida's 21st,FL-21,Democratic,Lois,Frankel,2012,1948,Woman,White - Non-Hispanic,Jewish,No,Won,58.17173303,41.21378881,59.02484042,39.10065419,68.07364718,12.26195305,16.24237165,2.305247173,0.1207330761
Florida's 22nd,FL-22,Democratic,Ted,Deutch,2010 Special,1966,Man,White - Non-Hispanic,Jewish,No,Won,57.14848651,42.27976995,58.60155052,41.39844948,67.24631071,12.34546785,16.46949267,2.574189686,0.1520377814
Florida's 23rd,FL-23,Democratic,Debbie,Wasserman Schultz,2004,1966,Woman,White - Non-Hispanic,Jewish,No,Won,58.26638208,41.16256183,58.19077528,41.78739387,47.71999526,13.25209519,33.78498577,3.687341872,0.2668406072
Florida's 24th,FL-24,Democratic,Frederica,Wilson,2010,1942,Woman,Black - African-American,Christian - Protestant - Episcopalian,No,Won,75.44135178,23.98335052,75.5512053,20.399257,14.1295132,49.78473193,34.05309579,1.280597245,0.133234967
Florida's 25th,FL-25,Republican,Mario,Diaz-Balart,2002,1961,Man,Hispanic - Cuban,Christian - Roman Catholic,No,Won,38.23375449,61.23038133,0,100,26.26053561,3.932526131,68.28452172,0.9589844424,0.2173238125
Florida's 26th,FL-26,Republican,Carlos,Giménez,2020,1954,Man,Hispanic - Cuban,Christian - Roman Catholic,No,Lost,46.90217252,52.51339096,48.27569098,51.72430902,20.51970847,11.05771803,65.98777786,1.694189668,0.1166561426
Florida's 27th,FL-27,Republican,María Elvira,Salazar,2020,1961,Woman,Hispanic - Cuban,Christian - Protestant,No,Lost,51.33832607,48.11306657,48.62103652,51.35680443,25.37245397,4.947522903,67.23516855,1.787779063,0.09005603487
Georgia's 1st,GA-01,Republican,Buddy,Carter,2014,1957,Man,White - Non-Hispanic,Christian - Protestant - Methodist,No,Won,43.12551629,55.52514982,41.65077996,58.34922004,63.40595903,29.34078212,4.11452514,1.379888268,0.3137802607
Georgia's 2nd,GA-02,Democratic,Sanford,Bishop,1992,1947,Man,Black - African-American,Christian - Protestant - Baptist,No,Won,55.73697385,43.41535518,59.116099,40.883901,43.75380926,51.28640655,2.725683169,0.9721736524,0.2058250487
Georgia's 3rd,GA-03,Republican,Drew,Ferguson,2016,1966,Man,White - Non-Hispanic,Christian - Protestant - Nondenominational,No,Won,36.81487024,61.95880755,34.95440566,65.04559434,69.74290622,23.99166487,3.382862292,1.347888527,0.237476182
Georgia's 4th,GA-04,Democratic,Hank,Johnson,2006,1954,Man,Black - African-American,Buddhist - Soka Gakkai,No,Won,78.75874639,20.23711349,80.07660085,19.92339915,28.9419222,62.25392668,3.879185371,3.293308405,0.1969586387
Georgia's 5th,GA-05,Democratic,Nikema,Williams,2020,1978,Woman,Black - African-American,Christian - Protestant - Methodist,No,Vacant - Died,86.20482658,12.64497902,85.14934993,14.85065007,32.80446197,59.04944579,3.266922411,3.041525978,0.1918079446
Georgia's 6th,GA-06,Democratic,Lucy,McBath,2018,1960,Woman,Black - African-American,Christian - Protestant,No,Won,54.77457749,43.6752998,54.58897417,45.41102583,71.01108149,14.24345942,5.478253624,7.425845692,0.2801616397
Georgia's 7th,GA-07,Democratic,Carolyn,Bourdeaux,2020,1970,Woman,White - Non-Hispanic,Christian - Protestant,No,Open - Retired,52.43971161,46.1372769,51.39125191,48.60874809,56.13937003,21.421338,9.643663368,11.10150003,0.1867127998
Georgia's 8th,GA-08,Republican,Austin,Scott,2010,1969,Man,White - Non-Hispanic,Christian - Protestant - Southern Baptist,No,Won,36.98393969,61.95950285,35.47935642,64.52064358,64.07449243,30.55965862,3.074888252,1.031077128,0.2336335814
Georgia's 9th,GA-09,Republican,Andrew,Clyde,2020,1963,Man,White - Non-Hispanic,Christian - Protestant - Southern Baptist,No,Open - Ran for Senate,22.36089348,76.38190955,21.41931085,78.58068915,86.01848436,6.836563839,4.768661729,0.973408633,0.2346018863
Georgia's 10th,GA-10,Republican,Jody,Hice,2014,1960,Man,White - Non-Hispanic,Christian - Protestant - Southern Baptist,No,Won,39.15997242,59.59336179,37.68992142,62.31007858,68.84271643,24.94956226,3.207931277,1.645046147,0.1223286258
Georgia's 11th,GA-11,Republican,Barry,Loudermilk,2014,1963,Man,White - Non-Hispanic,Christian - Protestant - Baptist,No,Won,41.53933645,56.85211625,39.57381702,60.42618298,74.13611472,16.43019162,5.599476117,2.344187459,0.1338179886
Georgia's 12th,GA-12,Republican,Rick,Allen,2014,1951,Man,White - Non-Hispanic,Christian - Protestant - Methodist,No,Won,43.02420777,55.77799889,41.61928932,58.38071068,59.14808408,34.51848231,3.674839243,1.312375437,0.2303237694
Georgia's 13th,GA-13,Democratic,David,Scott,2002,1946,Man,Black - African-American,Christian - Protestant - Baptist,No,Won,75.58222996,23.36260569,77.4004843,22.5995157,30.70197843,59.80274662,5.50305507,2.30456394,0.1060924576
Georgia's 14th,GA-14,Republican,Marjorie Taylor,Greene,2020,1974,Woman,White - Non-Hispanic,Christian - Protestant,No,Vacant - Resigned,25.30445788,73.44114752,25.28988216,74.71011784,83.97975721,8.860696567,4.964256952,0.768550095,0.2376241561
Hawaii's 1st,HI-01,Democratic,Ed,Case,"2018, 2002-2006",1952,Man,White - Non-Hispanic,Christian - Protestant,No,Won,63.83099133,34.4979285,72.02092496,27.97907504,18.61650222,2.267059624,7.484253792,55.90963303,0.09166806304
Hawaii's 2nd,HI-02,Democratic,Kai,Kahele,2020,1974,Man,Native Hawaiian,Unknown/Refused,No,Open - Retired,63.64045204,34.04959917,63.03408281,30.88069915,33.33366059,1.663099609,9.408195723,35.88721554,0.231695105
Idaho's 1st,ID-01,Republican,Russ,Fulcher,2018,1965,Man,White - Non-Hispanic,Christian - Protestant,No,Won,30.0662969,67.12298856,28.64955863,67.76106905,88.66475308,0.3760922977,7.015353789,1.132252499,1.206198764
Idaho's 2nd,ID-02,Republican,Mike,Simpson,1998,1950,Man,White - Non-Hispanic,Christian - Mormon,No,Won,36.62210784,60.10694118,31.72515479,64.05516529,87.26469884,0.6508188436,8.379070943,1.093269256,1.106569369
Illinois' 1st,IL-01,Democratic,Bobby,Rush,1992,1946,Man,Black - African-American,Christian - Protestant,No,Won,73.914826,24.70261519,73.80068466,26.15225622,37.51687814,53.06392147,6.921714149,1.321522624,0.1129997606
Illinois' 2nd,IL-02,Democratic,Robin,Kelly,2013 Special,1956,Woman,Black - African-American,Christian - Protestant - Nondenominational,No,Won,77.45273879,21.23023146,78.81411095,21.18588905,31.4664051,57.65375184,9.102501226,0.6356056891,0.1069151545
Illinois' 3rd,IL-03,Democratic,Marie,Newman,2020,1964,Woman,White - Non-Hispanic,Christian - Roman Catholic,No,Open - Lost in primary,55.49438936,42.86579576,56.37872823,43.62127177,66.50059138,5.464784015,23.52337789,3.693779504,0.07012842923
Illinois' 4th,IL-04,Democratic,Chuy,Garcia,2018,1956,Man,Hispanic - Mexican,Christian - Roman Catholic,No,Won,80.73169452,17.30723824,84.05383928,15.94616072,33.05394256,4.742636433,56.69355474,4.206626554,0.1550224651
Illinois' 5th,IL-05,Democratic,Mike,Quigley,2008,1959,Man,White - Non-Hispanic,Christian - Protestant,No,Won,72.11411512,26.03641811,70.76709728,26.62820985,73.55496964,3.002395232,15.25057096,6.46341237,0.1392576638
Illinois' 6th,IL-06,Democratic,Sean,Casten,2018,1971,Man,White - Non-Hispanic,Unknown/Refused,No,Won,55.26440187,42.60084113,52.81743904,45.43356714,82.32555001,2.515280643,6.439079884,7.735765382,0.05495247093
Illinois' 7th,IL-07,Democratic,Danny,Davis,1996,1941,Man,Black - African-American,Christian - Protestant - Baptist,No,Won,86.33885629,12.09962733,80.41292628,13.34610225,33.25259681,49.44425829,10.4561773,5.491359916,0.1120099564
Illinois' 8th,IL-08,Democratic,Raja,Krishnamoorthi,2016,1973,Man,Asian - Indian,Hindu,No,Won,59.1655879,38.95839645,73.1606816,0,65.72136195,4.80610469,16.89499755,11.30795662,0.137221652
Illinois' 9th,IL-09,Democratic,Jan,Schakowsky,1998,1944,Woman,White - Non-Hispanic,Jewish,No,Won,70.95109254,27.39655,70.98220332,29.01779668,71.00113709,8.500519108,8.188065457,10.51268107,0.12063084
Illinois' 10th,IL-10,Democratic,Brad,Schneider,2016,1961,Man,White - Non-Hispanic,Jewish,No,Won,64.24590525,33.99537162,63.8746,36.11593252,69.47760791,7.348063314,13.27102804,8.351790827,0.1555831668
Illinois' 11th,IL-11,Democratic,Bill,Foster,"2012, 2008 Special-2010",1955,Man,White - Non-Hispanic,Unknown/Refused,No,Won,61.88481013,36.15189873,63.29588746,36.69988321,62.7281378,12.37477146,17.18718259,6.17669386,0.1250948904
Illinois' 12th,IL-12,Republican,Mike,Bost,2014,1960,Man,White - Non-Hispanic,Christian - Protestant - Southern Baptist,No,Won,41.89238859,56.13891732,39.56906605,60.43093395,79.36582303,16.11116837,2.34255676,0.8039654801,0.1949007224
Illinois' 13th,IL-13,Republican,Rodney,Davis,2012,1970,Man,White - Non-Hispanic,Christian - Roman Catholic,No,Won,47.03745159,50.50071658,45.53706823,54.46293177,83.41728979,10.28458929,2.453993401,2.046380937,0.1876311338
Illinois' 14th,IL-14,Democratic,Lauren,Underwood,2018,1986,Woman,Black - African-American,Christian - Protestant,No,Won,50.17831283,47.75187918,50.66899055,49.32901469,84.30408071,3.037142058,8.075576517,3.559889278,0.09934126134
Illinois' 15th,IL-15,Republican,Mary,Miller,2020,1959,Woman,White - Non-Hispanic,Christian - Protestant,No,Open - Retired,25.9351548,72.21559303,26.55394506,73.44605494,92.51211345,4.160664509,1.827773932,0.526630872,0.1926926459
Illinois' 16th,IL-16,Republican,Adam,Kinzinger,2010,1978,Man,White - Non-Hispanic,Christian - Protestant,No,Won,40.89391051,56.94124065,35.28310647,64.7148235,88.20755168,3.593123703,5.926358184,1.050386003,0.164541341
Illinois' 17th,IL-17,Democratic,Cheri,Bustos,2012,1961,Woman,White - Non-Hispanic,Christian - Roman Catholic,No,Won,48.1419554,49.72429441,52.02187432,47.97112323,81.90220979,10.34312012,5.640024855,0.7223581498,0.1912695639
Illinois' 18th,IL-18,Republican,Darin,LaHood,2015 Special,1968,Man,White - Middle Eastern - Lebanese,Christian - Roman Catholic,No,Won,36.75502136,60.94722598,29.59000105,70.40999895,92.09053774,3.649301475,1.871747524,1.290731726,0.1650719042
Indiana's 1st,IN-01,Democratic,Frank,Mrvan,2020,1969,Man,White - Non-Hispanic,Christian - Roman Catholic,No,Open - Retired,53.58500356,44.81375116,56.63897623,40.44893989,67.62114951,17.96957175,12.09992487,0.9663786627,0.2272727273
Indiana's 2nd,IN-02,Republican,Jackie,Walorski,2012,1963,Woman,White - Non-Hispanic,Christian - Evangelical Protestant,No,Won,38.85608205,59.34673183,38.50613596,61.49386404,86.30222427,6.319688334,4.865948913,0.8664862686,0.3022626519
Indiana's 3rd,IN-03,Republican,Jim,Banks,2016,1979,Man,White - Non-Hispanic,Christian - Protestant,No,Won,33.9702285,63.85148721,32.16014686,67.83985314,88.19786593,5.625158366,3.388796607,1.217188922,0.1811237178
Indiana's 4th,IN-04,Republican,Jim,Baird,2018,1945,Man,White - Non-Hispanic,Christian - Protestant,No,Won,33.97940344,63.77022049,33.37636442,66.62363558,90.798386,3.695878859,2.918801288,1.363739402,0.255701138
Indiana's 5th,IN-05,Republican,Victoria,Spartz,2020,1978,Woman,White - Non-Hispanic (Ukranian),Christian - Eastern Orthodox,No,Open - Retired,47.89250144,50.11365076,45.94282914,50.02378516,85.49098589,8.180870309,2.627146587,2.219885397,0.1479329489
Indiana's 6th,IN-06,Republican,Greg,Pence,2018,1956,Man,White - Non-Hispanic,Christian - Roman Catholic,No,Won,29.10710892,68.83522702,27.75727957,68.65023628,94.27144778,2.573458805,1.473291448,0.558771617,0.1865620456
Indiana's 7th,IN-07,Democratic,André,Carson,2008 Special,1974,Man,Black - African-American,Muslim,No,Won,62.86969181,35.26815686,62.43523683,37.56476317,62.49573682,29.68340431,4.233943658,1.431452988,0.2377634643
Indiana's 8th,IN-08,Republican,Larry,Bucshon,2010,1962,Man,White - Non-Hispanic,Christian - Protestant - Lutheran,No,Won,33.12095857,65.05689048,29.84589089,66.94685559,92.72246023,4.003965763,1.239755869,0.7012852348,0.1437134463
Indiana's 9th,IN-09,Republican,Trey,Hollingsworth,2016,1983,Man,White - Non-Hispanic,Christian - Protestant,No,Won,37.2203723,60.80943453,34.13733365,61.84777099,92.69005591,2.705462869,1.929832284,1.223753136,0.2077739138
Iowa's 1st,IA-01,Republican,Ashley,Hinson,2020,1983,Woman,White - Non-Hispanic,Christian - Protestant - Nondenominational,No,Lost,47.37753134,50.78760845,48.64993512,51.24520078,92.64276962,3.100460798,2.106380408,0.9561120411,0.3166905407
Iowa's 2nd,IA-02,Republican,Mariannette,Miller-Meeks,2020,1955,Woman,White - Non-Hispanic,Christian - Roman Catholic,No,Open - Retired,47.10335675,51.10199311,49.91016788,49.91168831,90.53873534,3.15863864,3.632649895,1.212606976,0.241314821
Iowa's 3rd,IA-03,Democratic,Cindy,Axne,2018,1965,Woman,White - Non-Hispanic,Christian - Roman Catholic,No,Won,49.02436357,49.14836847,48.93547674,47.5495985,89.76886212,3.352983587,3.628652615,1.849103015,0.2188387972
Iowa's 4th,IA-04,Republican,Randy,Feenstra,2020,1969,Man,White - Non-Hispanic,Christian - Protestant,No,Open - Lost in primary,35.7254831,62.67698693,37.79443478,61.97268042,92.93394368,1.257962066,3.402175263,1.111584252,0.4551019322
Kansas' 1st,KS-01,Republican,Tracey,Mann,2020,1976,Man,White - Non-Hispanic,Christian - Protestant - Pietist,No,Open - Retired,28.13873143,69.67665113,28.84027858,71.15972142,84.9018751,2.991419037,8.947441602,1.097449547,0.5502145241
Kansas' 2nd,KS-02,Republican,Jake,LaTurner,2020,1988,Man,White - Non-Hispanic,Christian - Roman Catholic,No,Open - Lost in primary,41.34377661,56.29175175,40.63155078,55.14591975,86.25773943,4.515367309,4.643660636,0.9315211126,1.224364576
Kansas' 3rd,KS-03,Democratic,Sharice,Davids,2018,1980,Woman,Native American - Ho-Chunk,Unknown/Refused,Lesbian,Won,54.25409555,43.66876682,53.61582582,43.55876204,80.82460232,8.330146834,5.85041297,2.950061181,0.2523707556
Kansas' 4th,KS-04,Republican,Ron,Estes,2017 Special,1956,Man,White - Non-Hispanic,Christian - Protestant - Lutheran,No,Won,38.01753524,59.6661691,36.34753659,63.65246341,80.56813864,6.449036054,7.42223651,2.582536946,0.8309709599
Kentucky's 1st,KY-01,Republican,James,Comer,2016,1943,Man,White - Non-Hispanic,Christian - Protestant - Southern Baptist,No,Won,25.5101094,73.06963588,25.00715438,74.99284562,89.92893697,6.824422328,1.661178059,0.4451701772,0.211638281
Kentucky's 2nd,KY-02,Republican,Brett,Guthrie,2008,1964,Man,White - Non-Hispanic,Christian - Restorationist,No,Won,30.63463503,67.60849978,26.26061671,70.95885394,90.44174929,5.296565156,1.807719547,0.7825779037,0.2815155807
Kentucky's 3rd,KY-03,Democratic,John,Yarmuth,2006,1947,Man,White - Non-Hispanic,Jewish,No,Won,59.99048126,38.13632885,62.66609073,37.33390927,73.6892192,20.56283138,2.421715684,1.696651108,0.1703901754
Kentucky's 4th,KY-04,Republican,Thomas,Massie,2012 Special,1971,Man,White - Non-Hispanic,Christian - Protestant - Methodist,No,Won,33.43233658,64.74786484,32.9132125,67.0867875,93.09211995,3.268253926,1.553335654,0.7436371265,0.1410500192
Kentucky's 5th,KY-05,Republican,Hal,Rogers,1980,1937,Man,White - Non-Hispanic,Christian - Protestant - Southern Baptist,No,Won,18.6189243,80.14562769,15.79219385,84.20780615,96.59852686,1.537513679,0.6878350667,0.2216153089,0.2528805392
Kentucky's 6th,KY-06,Republican,Andy,Barr,2012,1973,Man,White - Non-Hispanic,Christian - Protestant - Episcopalian,No,Won,44.46419973,53.56124225,40.95943982,57.32540626,87.32362232,8.263425763,1.734819235,1.012636013,0.1842751843
Louisiana's 1st,LA-01,Republican,Steve,Scalise,2008 Special,1965,Man,White - Non-Hispanic,Christian - Roman Catholic,No,Won,30.13340535,68.00921302,25.30391138,72.20950453,77.27156778,13.30034182,5.390031121,1.654677482,1.10793667
Louisiana's 2nd,LA-02,Vacant (D),,,,,,,,,Won,75.33571745,23.00369181,63.61118297,15.00873867,31.67773631,61.42284912,3.688075593,1.885548975,0.2216782499
Louisiana's 3rd,LA-03,Republican,Clay,Higgins,2016,1961,Man,White - Non-Hispanic,Christian - Protestant,No,Won,30.15525545,68.12436152,17.89133247,67.76431848,71.59280936,23.78501254,2.186977425,0.9580546265,0.3736413043
Louisiana's 4th,LA-04,Republican,Mike,Johnson,2016,1972,Man,White - Non-Hispanic,Christian - Protestant - Southern Baptist,No,Won,37.00838247,61.47442614,25.49334916,60.42997214,61.51816594,33.22102186,2.622383856,0.7540913467,0.7585481513
Louisiana's 5th,LA-05,Vacant (R),,,,,,,,,Open - Retired,34.07846182,64.4697517,16.93033546,34.16354573,62.81931506,34.09052487,1.444091504,0.4715763998,0.3683634519
Louisiana's 6th,LA-06,Republican,Garret,Graves,2014,1972,Man,White - Middle Eastern - Lebanese,Christian - Roman Catholic,No,Won,34.37029809,63.7740987,25.54599514,71.04514487,71.79807915,22.7435122,2.377504948,1.532741028,0.4112440991
Maine's 1st,ME-01,Democratic,Chellie,Pingree,2008,1955,Woman,White - Non-Hispanic,Christian - Protestant - Lutheran,No,Won,60.12092979,37.02487434,62.15303181,37.84352804,95.03912087,0.8446024336,1.405195697,1.103551971,0.296074919
Maine's 2nd,ME-02,Democratic,Jared,Golden,2018,1982,Man,White - Non-Hispanic,Unknown/Refused,No,Won,44.82935476,52.26902502,53.04272107,46.94843731,95.7500528,0.5222433424,1.038726648,0.426242728,0.7968050996
Maryland's 1st,MD-01,Republican,Andy,Harris,2010,1957,Man,White - Non-Hispanic,Christian - Roman Catholic,No,Won,39.08925002,58.82282834,36.37630081,63.43508864,83.47289318,11.45106459,2.073716228,1.66129898,0.1619252102
Maryland's 2nd,MD-02,Democratic,Dutch,Ruppersberger,2002,1946,Man,White - Non-Hispanic,Christian - Protestant - Methodist,No,Won,65.80544406,32.37276509,67.71638366,32.03213001,57.23163945,32.90803251,3.777366918,3.924727246,0.2416343267
Maryland's 3rd,MD-03,Democratic,John,Sarbanes,2006,1962,Man,White - Non-Hispanic,Christian - Eastern Orthodox,No,Won,68.73845221,29.35536222,69.76254401,30.04158561,66.22907328,20.8187723,4.9034855,5.889671576,0.2140700759
Maryland's 4th,MD-04,Democratic,Anthony,Brown,2016,1961,Man,Black - Jamaican,Christian - Roman Catholic,No,Won,79.10631418,19.18395162,79.57571877,20.21583566,30.89900111,58.03753405,6.395923721,2.769649884,0.1826253658
Maryland's 5th,MD-05,Democratic,Steny,Hoyer,1981 Special,1939,Man,White - Non-Hispanic,Christian - Protestant - Baptist,No,Won,68.59141567,29.66912648,68.75205283,30.97114374,49.93001145,39.34537985,4.568343362,3.389445363,0.3117671654
Maryland's 6th,MD-06,Democratic,David,Trone,2018,1955,Man,White - Non-Hispanic,Christian - Protestant - Lutheran,No,Won,60.58442234,37.5256308,58.82096094,39.18823035,68.12552085,12.81837601,8.063450099,8.966732761,0.153261109
Maryland's 7th,MD-07,Democratic,Kweisi,Mfume,"2020 Special, 1986-1996",1948,Man,Black - African-American,Christian - Protestant - Baptist,No,Won,78.38011371,20.01320152,71.62701889,28.0439761,36.61401415,54.0288101,2.353858731,5.048815553,0.251829996
Maryland's 8th,MD-08,Democratic,Jamie,Raskin,2016,1962,Man,White - Non-Hispanic,Jewish,No,Won,69.31119074,28.86223815,68.23309671,31.58285604,69.58555561,11.66120272,8.411214953,8.326075256,0.1751724813
Massachusetts' 1st,MA-01,Democratic,Richie,Neal,1988,1949,Man,White - Non-Hispanic,Christian - Roman Catholic,No,Won,61.13253595,36.86748036,96.51073136,0,77.6469538,5.106003124,14.53871904,1.488953359,0.1338986833
Massachusetts' 2nd,MA-02,Democratic,Jim,McGovern,1996,1959,Man,White - Non-Hispanic,Christian - Roman Catholic,No,Won,61.75948035,36.04123341,65.3295054,34.57165867,83.80594343,3.648406731,7.601145721,3.576799141,0.1799140709
Massachusetts' 3rd,MA-03,Democratic,Lori,Trahan,2018,1973,Woman,White - Portuguese-American,Christian - Roman Catholic,No,Won,63.36593179,34.57528681,97.73692763,0,75.59430512,2.461188237,14.52268995,6.154836543,0.1427451858
Massachusetts' 4th,MA-04,Democratic,Jake,Auchincloss,2020,1988,Man,White - Non-Hispanic,Jewish,No,Open - Ran for Senate,64.47871052,33.69374825,60.82558385,38.87234965,88.28145554,2.534769158,3.70689577,4.258484763,0.04082484328
Massachusetts' 5th,MA-05,Democratic,Katherine,Clark,2013 Special,1963,Woman,White - Non-Hispanic,Christian - Protestant,No,Won,74.45792042,23.88994591,74.31590957,25.58186495,80.49243146,4.17318031,6.195904983,7.514202921,0.09246196668
Massachusetts' 6th,MA-06,Democratic,Seth,Moulton,2014,1978,Man,White - Non-Hispanic,Christian - Protestant,No,Won,62.6046368,35.63457842,65.43112843,34.43064177,87.91538658,2.367978591,5.581915334,3.101259694,0.09507125943
Massachusetts' 7th,MA-07,Democratic,Ayanna,Pressley,2018,1974,Woman,Black - African-American,Christian - Protestant - Baptist,No,Won,85.32203086,13.31141239,86.6230358,0,51.49015159,23.23867738,15.07964038,7.998725004,0.2203118115
Massachusetts' 8th,MA-08,Democratic,Stephen,Lynch,2001 Special,1955,Man,White - Non-Hispanic,Christian - Roman Catholic,No,Won,66.16892774,32.15645625,80.67960384,0,80.1466797,8.206062761,4.454618188,5.834296382,0.1662369988
Massachusetts' 9th,MA-09,Democratic,Bill,Keating,2010,1952,Man,White - Non-Hispanic,Christian - Roman Catholic,No,Won,57.92711243,40.29221826,61.29566346,36.33081411,91.34397154,2.460632509,3.491153816,1.134800249,0.2103104708
Michigan's 1st,MI-01,Republican,Jack,Bergman,2016,1947,Man,White - Non-Hispanic,Christian - Protestant - Lutheran,No,Won,40.57706831,57.87136225,36.83829907,61.64567211,92.66471059,1.627989686,1.269671913,0.4232239708,2.203254201
Michigan's 2nd,MI-02,Republican,Bill,Huizenga,2010,1969,Man,White - Non-Hispanic,Christian - Protestant - Reformed (Calvinist),No,Won,43.19515944,54.99499841,38.22024714,59.19721659,84.79713094,5.888638032,5.708392563,1.576683298,0.4729120792
Michigan's 3rd,MI-03,Republican,Peter,Meijer,2020,1988,Man,White - Non-Hispanic,Christian - Protestant,No,Open - Retired,47.43198145,50.64660584,47.04017411,52.95957801,85.0753335,7.794209114,3.980653726,1.237456021,0.3304833784
Michigan's 4th,MI-04,Republican,John,Moolenaar,2014,1961,Man,White - Non-Hispanic,Christian - Protestant,No,Won,37.19114073,61.13014592,32.36533644,65.00314807,93.16880445,1.937204708,2.503436536,0.5443836539,0.6326866881
Michigan's 5th,MI-05,Democratic,Dan,Kildee,2012,1958,Man,White - Non-Hispanic,Christian - Roman Catholic,No,Won,51.44064917,47.08703157,54.45472977,41.76139511,77.18058557,16.13662007,3.898376394,0.7343519917,0.3451836836
Michigan's 6th,MI-06,Republican,Fred,Upton,1986,1953,Man,White - Non-Hispanic,Christian - Protestant,No,Won,46.81992437,51.33344596,40.13008602,55.80663887,85.5504801,7.50069917,3.568565303,1.049687704,0.3449240235
Michigan's 7th,MI-07,Republican,Tim,Walberg,"2010, 2006-2008",1951,Man,White - Non-Hispanic,Christian - Evangelical Protestant - United Brethren,No,Won,41.62107739,56.67109101,41.24880251,58.75119749,90.29839059,4.141908263,3.299892215,0.608941584,0.327962487
Michigan's 8th,MI-08,Democratic,Elissa,Slotkin,2018,1976,Woman,White - Non-Hispanic,Jewish,No,Won,48.7845553,49.60435941,50.87546458,47.28092374,86.52974711,5.184731764,3.801527554,2.580945768,0.2293158895
Michigan's 9th,MI-09,Democratic,Andy,Levin,2018,1960,Man,White - Non-Hispanic,Jewish,No,Won,55.90254156,42.69195787,57.70688796,38.4087874,80.42540723,12.6605807,1.885306694,3.175446147,0.317727743
Michigan's 10th,MI-10,Republican,Lisa,McClain,2020,1966,Woman,White - Non-Hispanic,Christian - Roman Catholic,No,Open - Retired,34.44316258,64.21932083,33.71979521,66.28020479,92.23897519,2.902155129,2.17615917,1.28009363,0.1792131082
Michigan's 11th,MI-11,Democratic,Haley,Stevens,2018,1983,Woman,White - Non-Hispanic,Christian - Protestant,No,Won,51.58971487,47.05421461,50.19790309,47.81751626,85.2311514,5.335065231,2.104824029,5.734223301,0.2266004248
Michigan's 12th,MI-12,Democratic,Debbie,Dingell,2014,1953,Woman,White - Non-Hispanic,Christian - Roman Catholic,No,Won,64.21409971,34.40429097,66.42567017,30.67012659,79.0678184,10.40085333,4.514242721,3.600918086,0.2285692517
Michigan's 13th,MI-13,Democratic,Rashida,Tlaib,2018,1976,Woman,Middle Eastern - Palestinian,Muslim,No,Won,78.84224338,19.97787945,78.07510013,18.64770799,36.99243794,56.22945093,3.999876706,0.8774453395,0.3668009206
Michigan's 14th,MI-14,Democratic,Brenda,Lawrence,2014,1954,Woman,Black - African-American,Christian - Protestant,No,Won,79.54344984,19.54661035,79.27771594,18.30658802,33.41018634,58.43478261,2.936645963,2.98931677,0.2454658385
Minnesota's 1st,MN-01,Republican,Jim,Hagedorn,2018,1962,Man,White - Non-Hispanic,Christian - Protestant - Lutheran,No,Won,43.86362482,54.01373052,45.51640749,48.59186241,92.10534297,2.117980084,3.021786382,1.655967245,0.2709396957
Minnesota's 2nd,MN-02,Democratic,Angie,Craig,2018,1972,Woman,White - Non-Hispanic,Christian - Protestant - Lutheran,Lesbian,Won,52.35517292,45.51955674,48.18097015,45.92426127,87.63014452,3.580537081,3.282492374,3.727559134,0.4260639096
Minnesota's 3rd,MN-03,Democratic,Dean,Phillips,2018,1969,Man,White - Non-Hispanic,Jewish,No,Won,58.6839686,39.38481189,55.6051244,44.32454244,85.97866103,5.175834263,2.05789749,5.14030222,0.203322246
Minnesota's 4th,MN-04,Democratic,Betty,McCollum,2000,1954,Woman,White - Non-Hispanic,Christian - Roman Catholic,No,Won,67.54644487,30.48400576,63.1724893,28.97094425,76.99347057,8.112445796,3.988436425,8.241040722,0.5183671435
Minnesota's 5th,MN-05,Democratic,Ilhan,Omar,2018,1982,Woman,Black - Somali,Muslim,No,Won,80.31808077,17.66862922,64.26004926,25.83167404,74.7658955,13.35969468,3.687637709,4.449952786,0.9944523135
Minnesota's 6th,MN-06,Republican,Tom,Emmer,2014,1961,Man,White - Non-Hispanic,Christian - Roman Catholic,No,Won,38.84322951,58.96973953,34.16216557,65.70371107,92.91118647,1.936609366,1.677872082,1.907207401,0.3881059255
Minnesota's 7th,MN-07,Republican,Michelle,Fischbach,2020,1965,Woman,White - Non-Hispanic,Christian - Roman Catholic,No,Lost,34.36757288,63.76367948,39.84846359,53.39154885,92.83880516,0.8497186062,2.396125927,0.5416452727,2.313570328
Minnesota's 8th,MN-08,Republican,Pete,Stauber,2018,1966,Man,White - Non-Hispanic,Christian - Roman Catholic,No,Won,41.73264369,56.32091957,37.55368786,56.7502559,93.67667299,0.9345434596,1.236754218,0.5707356041,2.152048585
Mississippi's 1st,MS-01,Republican,Trent,Kelly,2015 Special,1966,Man,White - Non-Hispanic,Christian - Protestant - Methodist,No,Won,33.76239326,64.78406671,31.25287339,68.74712661,70.02226505,27.09471887,1.569114062,0.4523413505,0.1584074768
Mississippi's 2nd,MS-02,Democratic,Bennie,Thompson,1993 Special,1948,Man,Black - African-American,Christian - Protestant - Methodist,No,Won,63.66449604,35.17154865,66.01667373,33.98332627,33.47868217,64.25273598,1.188440492,0.3438972488,0.3125474996
Mississippi's 3rd,MS-03,Republican,Michael,Guest,2018,1970,Man,White - Non-Hispanic,Christian - Protestant - Southern Baptist,No,Won,38.64324289,60.09494276,35.33228413,64.66771587,62.20717635,34.6948762,1.082769113,0.6663878929,0.8078507433
Mississippi's 4th,MS-04,Republican,Steven,Palazzo,2010,1970,Man,White - Non-Hispanic,Christian - Roman Catholic,No,Won,30.2782073,68.25469365,0,100,72.30426424,22.52883607,2.543691017,1.128102062,0.3792380287
Missouri's 1st,MO-01,Democratic,Cori,Bush,2020,1976,Woman,Black - African-American,Christian - Protestant - Nondenominational,No,Open - Lost in primary,80.2634691,18.13723049,78.78236777,18.95809546,46.16903597,48.1565114,1.971933995,1.75526809,0.2157517027
Missouri's 2nd,MO-02,Republican,Ann,Wagner,2012,1962,Woman,White - Non-Hispanic,Christian - Roman Catholic,No,Won,49.15691151,49.18233571,45.51928572,51.88784639,90.56678935,3.710759905,1.629789998,2.956484087,0.1437540593
Missouri's 3rd,MO-03,Republican,Blaine,Luetkemeyer,2008,1960,Man,White - Non-Hispanic,Christian - Roman Catholic,No,Won,31.31194456,66.84939964,28.5002013,69.4408712,92.99161498,3.208474705,1.627928622,0.6295108599,0.3223704807
Missouri's 4th,MO-04,Republican,Vicky,Hartzler,2010,1960,Woman,White - Non-Hispanic,Christian - Evangelical Protestant,No,Won,31.93286182,66.00243066,29.66491748,67.59169432,89.39934198,4.642309614,2.681170654,1.014590116,0.5133240315
Missouri's 5th,MO-05,Democratic,Emanuel,Cleaver,2004,1944,Man,Black - African-American,Christian - Protestant - Methodist,No,Won,58.39022316,39.63476733,58.78614193,38.57049627,70.19915093,21.06550621,5.10950199,1.477457037,0.4174458694
Missouri's 6th,MO-06,Republican,Sam,Graves,2000,1963,Man,White - Non-Hispanic,Christian - Protestant - Southern Baptist,No,Won,34.97282796,63.28016122,30.8274945,67.06145228,90.49598251,4.073894105,2.85042431,0.8607674019,0.3713794839
Missouri's 7th,MO-07,Republican,Billy,Long,2010,1955,Man,White - Non-Hispanic,Christian - Protestant - Presbyterian,No,Won,28.11815175,70.02589882,26.56797091,68.86804971,92.00216274,1.707875969,2.620173534,0.9002823574,0.9320368352
Missouri's 8th,MO-08,Republican,Jason,Smith,2013 Special,1980,Man,White - Non-Hispanic,Christian - Evangelical Protestant - Pentecostal,No,Won,21.3474497,77.3078244,21.36748772,76.85978693,92.29975937,4.346369798,1.360058527,0.3049774793,0.4821464773
Montana's At-Large,MT-AL,Republican,Matt,Rosendale,2020,1960,Man,White - Non-Hispanic,Christian - Roman Catholic,No,Open - Ran for governor,40.5516533,56.92167517,43.61364502,56.38635498,89.10993267,0.3829583533,2.826804598,0.6042784406,5.242674989
Nebraska's 1st,NE-01,Republican,Jeff,Fortenberry,2004,1960,Man,White - Non-Hispanic,Christian - Roman Catholic,No,Won,41.32562194,56.3325272,37.66839019,59.51707677,88.60666616,2.552952728,4.882549068,1.716715043,0.8977416187
Nebraska's 2nd,NE-02,Republican,Don,Bacon,2016,1963,Man,White - Non-Hispanic,Christian - Protestant,No,Won,52.24749374,45.70693463,46.20877132,50.76863266,81.60605794,9.079202254,5.750858501,1.63775645,0.3566082592
Nebraska's 3rd,NE-03,Republican,Adrian,Smith,2006,1970,Man,White - Non-Hispanic,Christian - Evangelical Protestant - Free Church,No,Won,22.40602629,75.59371513,17.67618649,78.51483767,90.43106673,0.8999920656,6.441630867,0.5474762817,0.7390363057
Nevada's 1st,NV-01,Democratic,Dina,Titus,"2012, 2008-2010",1950,Woman,White - Non-Hispanic,Christian - Eastern Orthodox,No,Won,61.46330175,36.41584065,61.76521977,33.37171222,44.96118345,13.16584143,29.13992298,9.284186075,0.701754386
Nevada's 2nd,NV-02,Republican,Mark,Amodei,2011 Special,1958,Man,White - Non-Hispanic,Christian - Protestant,No,Won,43.56000886,53.55218954,40.70838549,56.46544177,76.0524167,1.946933997,14.07616555,3.845661948,2.145660964
Nevada's 3rd,NV-03,Democratic,Susie,Lee,2018,1966,Woman,White - Non-Hispanic,Christian - Roman Catholic,No,Won,49.14696522,48.9452658,48.75255241,45.76970272,62.76911063,6.939637577,13.96979217,12.7229647,0.3913529631
Nevada's 4th,NV-04,Democratic,Steven,Horsford,"2018, 2012-2014",1973,Man,Black - African-American/Trinidadian,Christian - Protestant - Baptist,No,Won,50.887772,46.95922448,50.66848338,45.80396969,55.03889334,15.72467369,19.08156953,6.424753811,0.863056905
New Hampshire's 1st,NH-01,Democratic,Chris,Pappas,2018,1980,Man,White - Non-Hispanic,Christian - Eastern Orthodox,Gay,Won,52.20958902,46.1830373,51.31669915,46.21338239,93.73680173,1.063436899,2.419484664,1.418547173,0.1060596017
New Hampshire's 2nd,NH-02,Democratic,Annie,Kuster,2012,1956,Woman,White - Non-Hispanic,Christian - Protestant - Episcopalian,No,Won,53.54144121,44.77140996,53.89930158,43.70291972,93.32173512,0.9525274176,2.666307827,1.632080278,0.1787791117
New Jersey's 1st,NJ-01,Democratic,Donald,Norcross,2014 Special,1958,Man,White - Non-Hispanic,Christian - Protestant - Lutheran,No,Won,62.07225285,36.60103584,62.48006649,37.51993351,68.42487635,16.45632108,9.642986876,4.101971815,0.07637640528
New Jersey's 2nd,NJ-02,Republican,Jeff,Van Drew,2018,1953,Man,White - Non-Hispanic,Christian - Roman Catholic,No,Won,47.8853365,50.79007539,46.16926971,51.92605438,72.98665915,11.94006013,10.32130778,3.043028936,0.2696354754
New Jersey's 3rd,NJ-03,Democratic,Andy,Kim,2018,1982,Man,Asian - Korean,Christian - Protestant - Presbyterian,No,Won,49.21628958,49.39618726,53.23303116,45.47111603,79.4199789,10.13396696,5.940295596,2.785732651,0.04965023185
New Jersey's 4th,NJ-04,Republican,Chris,Smith,1980,1953,Man,White - Non-Hispanic,Christian - Roman Catholic,No,Won,44.11654131,54.63934884,38.27338536,59.87798326,82.66090663,6.200281658,6.530468542,3.712937236,0.04948045522
New Jersey's 5th,NJ-05,Democratic,Josh,Gottheimer,2016,1975,Man,White - Non-Hispanic,Jewish,No,Won,51.91301097,46.71610169,53.15294262,45.63658424,75.53647664,4.624489911,10.85393322,7.989897181,0.1668096014
New Jersey's 6th,NJ-06,Democratic,Frank,Pallone,1988,1951,Man,White - Non-Hispanic,Christian - Roman Catholic,No,Won,57.22551991,41.52066185,61.16516752,38.83483248,57.89974425,10.85626598,16.10025575,13.96828645,0.1493606138
New Jersey's 7th,NJ-07,Democratic,Tom,Malinowski,2018,1965,Man,White - Non-Hispanic (Polish),Unknown/Refused,No,Won,54.19915677,44.25786563,50.61194109,49.38805891,78.44834189,4.758941564,8.237918358,7.598414643,0.0574404534
New Jersey's 8th,NJ-08,Democratic,Albio,Sires,2006 Special,1951,Man,Hispanic - Cuban,Christian - Roman Catholic,No,Won,73.06590708,25.90848812,74.02763294,24.57815582,34.55982395,10.41964909,47.29836849,6.486991706,0.1277758717
New Jersey's 9th,NJ-09,Democratic,Bill,Pascrell,1996,1937,Man,White - Non-Hispanic,Christian - Roman Catholic,No,Won,62.19051498,36.80582545,65.7985023,31.86288129,46.55324976,10.8532603,30.85747393,10.63415148,0.1358896029
New Jersey's 10th,NJ-10,Democratic,Donald,Payne,2012 Special,1958,Man,Black - African-American,Christian - Protestant - Baptist,No,Won,82.77562732,16.39301994,83.2808637,13.89543083,23.03785024,53.95707029,15.9777978,5.731812223,0.175118794
New Jersey's 11th,NJ-11,Democratic,Mikie,Sherrill,2018,1972,Woman,White - Non-Hispanic,Christian - Roman Catholic,No,Won,52.8896874,45.78118915,53.30367019,46.69632981,79.22780138,3.570699857,8.630891655,7.606054423,0.05471981599
New Jersey's 12th,NJ-12,Democratic,Bonnie Watson,Coleman,2014,1945,Woman,Black - African-American,Christian - Protestant - Baptist,No,Won,67.26385581,31.4435713,65.64304499,32.57971427,57.38828827,18.26636377,11.00789031,12.17622361,0.1217013854
New Mexico's 1st,NM-01,Vacant (D),,,,,,,,,Won,60.20255281,37.43626361,58.18824115,41.81175885,46.90503347,2.495412844,43.20357054,1.942970493,4.032729978
New Mexico's 2nd,NM-02,Republican,Yvette,Herrell,2020,1964,Woman,Native American - Cherokee Nation,Christian - Protestant,No,Lost,43.06907091,54.92262831,46.25319877,53.70264129,44.33052376,1.868159517,47.12123118,0.5524803959,5.20610559
New Mexico's 3rd,NM-03,Democratic,Teresa,Leger Fernandez,2020,1959,Woman,Hispanic,Christian - Roman Catholic,No,Open - Ran for Senate,57.66095231,40.10182055,58.68110683,41.31889317,42.58313922,1.414481836,36.40580859,0.9426574813,17.48029935
New York's 1st,NY-01,Republican,Lee,Zeldin,2014,1980,Man,White - Non-Hispanic,Jewish,No,Won,47.3153711,51.46546079,44.07045273,55.90184303,81.93794271,4.727589109,9.423969889,2.906157498,0.2335896199
New York's 2nd,NY-02,Republican,Andrew,Garbarino,2020,1984,Man,White - Non-Hispanic,Christian - Roman Catholic,No,Open - Retired,47.39332367,51.4438791,46.00521772,52.9392977,70.71684623,9.431875414,15.97523281,2.771989769,0.1185033033
New York's 3rd,NY-03,Democratic,Tom,Suozzi,2016,1962,Man,White - Non-Hispanic,Christian - Roman Catholic,No,Won,54.685714,44.27745577,55.93271285,43.45190171,75.44534239,2.972129724,7.627353135,13.03252645,0.1106796302
New York's 4th,NY-04,Democratic,Kathleen,Rice,2014,1965,Woman,White - Non-Hispanic,Christian - Roman Catholic,No,Won,55.60852857,43.36073045,56.12679539,42.99012115,64.89284471,14.74416986,13.28327781,5.984784446,0.1322659241
New York's 5th,NY-05,Democratic,Gregory,Meeks,1998 Special,1953,Man,Black - African-American,Christian - Protestant - Methodist,No,Won,83.2857848,16.15016624,99.3263366,0,13.57320769,53.19849153,16.48310976,14.5845212,0.4651441947
New York's 6th,NY-06,Democratic,Grace,Meng,2012,1975,Woman,Asian - Taiwanese,Christian - Protestant,No,Won,61.768215,37.3585974,67.91470369,31.98996212,42.92796213,4.442633201,18.4616587,32.36010004,0.3394220892
New York's 7th,NY-07,Democratic,Nydia,Velázquez,1992,1953,Woman,Hispanic - Puerto Rican,Christian - Roman Catholic,No,Won,81.81553119,17.30804687,84.75070192,14.42429242,36.16431194,10.20129804,36.40641517,15.71284056,0.178451676
New York's 8th,NY-08,Democratic,Hakeem,Jeffries,2012,1970,Man,Black - African-American,Christian - Protestant - Baptist,No,Won,82.86252354,16.47340542,84.76164362,15.15573531,27.42624076,51.06255241,15.49611192,4.489403065,0.1400853854
New York's 9th,NY-09,Democratic,Yvette,Clarke,2006,1964,Woman,Black - Jamaican,Christian - Protestant - African Methodist Episcopal,No,Won,81.42526722,17.82828106,83.03792994,15.85223338,35.17219556,47.13886398,9.90770529,6.134697537,0.1392331628
New York's 10th,NY-10,Democratic,Jerry,Nadler,1992 Special,1947,Man,White - Non-Hispanic,Jewish,No,Won,76.13279028,22.89871461,74.48659812,24.14974583,67.78247859,4.085233722,11.0287896,15.41533381,0.1393045093
New York's 11th,NY-11,Republican,Nicole,Malliotakis,2020,1980,Woman,Hispanic - Cuban,Christian - Eastern Orthodox,No,Lost,44.28985856,54.82679355,46.77512836,53.05167841,66.14750894,6.770097317,13.79576455,12.06791144,0.1513374826
New York's 12th,NY-12,Democratic,Carolyn,Maloney,1992,1948,Woman,White - Non-Hispanic,Christian - Protestant - Presbyterian,No,Won,84.13316507,14.82392885,82.09125722,16.4264862,70.69232756,4.773591172,12.03546518,10.74934495,0.1300882016
New York's 13th,NY-13,Democratic,Adriano,Espaillat,2016,1954,Man,Hispanic - Dominican,Christian - Roman Catholic,No,Won,88.05536259,11.14727113,90.78631006,7.764811842,17.6036225,28.83359124,47.71983757,4.072200816,0.1422829665
New York's 14th,NY-14,Democratic,Alexandria,Ocasio-Cortez,2018,1989,Woman,Hispanic - Puerto Rican,Christian - Roman Catholic,No,Won,73.29692011,25.87269551,71.5633101,27.39507695,31.28207058,12.41923545,40.97130741,14.02888078,0.2847930546
New York's 15th,NY-15,Democratic,Ritchie,Torres,2020,1988,Man,Black - African-American / Hispanic - Puerto Rican,Christian - Protestant,Gay,Open - Retired,86.44285008,13.04503577,88.74354183,11.10831933,3.352508428,31.61258789,62.0734168,1.810981188,0.343397125
New York's 16th,NY-16,Democratic,Jamaal,Bowman,2020,1976,Man,Black - African-American,Unknown/Refused,No,Open - Lost in primary,75.29255749,23.82669729,84.03700427,0,41.92199996,31.56060514,20.66638464,4.665498278,0.2316633428
New York's 17th,NY-17,Democratic,Mondaire,Jones,2020,1987,Man,Black - African-American,Christian - Protestant - Baptist,Gay,Open - Retired,59.5879316,39.3938288,59.29151695,35.24299088,68.29359127,10.54466456,14.59059639,5.334919568,0.1210365696
New York's 18th,NY-18,Democratic,Sean Patrick,Maloney,2012,1966,Man,White - Non-Hispanic,Christian - Roman Catholic,Gay,Won,51.77754163,46.79238494,55.78059575,43.2424861,74.32406556,9.097349877,12.58616728,2.503638174,0.2096737132
New York's 19th,NY-19,Democratic,Antonio,Delgado,2018,1977,Man,Black - African-American / Hispanic - Puerto Rican,Unknown/Refused,No,Won,49.78883319,48.32046195,54.45458952,42.93862024,88.19376473,3.924234185,5.238354178,1.194489759,0.1241616821
New York's 20th,NY-20,Democratic,Paul,Tonko,2008,1949,Man,White - Non-Hispanic,Christian - Roman Catholic,No,Won,59.32059981,38.65337271,61.14091868,38.80592861,82.12568188,8.243611829,4.880849842,2.939276486,0.161498708
New York's 21st,NY-21,Republican,Elise,Stefanik,2014,1984,Woman,White - Non-Hispanic,Christian - Roman Catholic,No,Won,43.82601863,54.24003019,41.14733196,58.80964776,91.568416,3.107470072,2.808413459,0.6977987621,0.8192338713
New York's 22nd,NY-22,Republican,Claudia,Tenney,"2020, 2016-2018",1961,Woman,White - Non-Hispanic,Christian - Protestant - Presbyterian,No,Lost,43.22313335,54.69255564,48.8017695,48.83587058,90.77213848,3.391877564,2.919835892,1.582999124,0.2461623565
New York's 23rd,NY-23,Republican,Tom,Reed,2010 Special,1971,Man,White - Non-Hispanic,Christian - Roman Catholic,No,Won,43.27649747,54.54593558,41.10794604,57.69144984,91.22550373,2.709540896,3.073879842,1.287146932,0.4885454044
New York's 24th,NY-24,Republican,John,Katko,2014,1962,Man,White - Non-Hispanic,Christian - Roman Catholic,No,Won,53.42966788,44.35408517,42.96498498,53.12987451,86.27688495,7.218020084,3.251160468,1.460987924,0.4059327206
New York's 25th,NY-25,Democratic,Joe,Morelle,2018 Special,1957,Man,White - Non-Hispanic,Christian - Roman Catholic,No,Won,60.09378309,37.77230786,59.29249809,39.12633799,75.77097391,13.64815345,6.870229008,2.152542529,0.1910704561
New York's 26th,NY-26,Democratic,Brian,Higgins,2004,1959,Man,White - Non-Hispanic,Christian - Roman Catholic,No,Won,62.62587396,35.61755793,69.80974565,28.66696891,74.67990762,16.47944573,5.155658199,1.990762125,0.3676674365
New York's 27th,NY-27,Republican,Chris,Jacobs,2020 Special,1966,Man,White - Non-Hispanic,Unknown/Refused,No,Won,41.1176487,56.81326002,38.98745594,59.70782674,93.49117689,2.418350648,1.921161235,0.7622385086,0.6617333144
North Carolina's 1st,NC-01,Democratic,G.K.,Butterfield,2004 Special,1947,Man,Black - African-American/Bermudan,Christian - Protestant - Baptist,No,Won,53.89174183,45.26267733,54.17677802,45.82322198,47.74860466,45.70449202,3.023994544,1.34868362,0.7358087615
North Carolina's 2nd,NC-02,Democratic,Deborah,Ross,2020,1963,Woman,White - Non-Hispanic,Unitarian Universalist,No,Open - Retired,64.32943939,34.03391112,62.96359103,34.83309612,71.64182993,20.1629151,4.695532861,1.524940948,0.4203140197
North Carolina's 3rd,NC-03,Republican,Greg,Murphy,2019 Special,1963,Man,White - Non-Hispanic,Christian - Roman Catholic,No,Won,37.71576532,60.90693213,36.61598888,63.38401112,71.57988258,20.29075135,4.88476212,1.158476038,0.3588662613
North Carolina's 4th,NC-04,Democratic,David,Price,"1996, 1986-1994",1940,Man,White - Non-Hispanic,Christian - Protestant - Baptist,No,Won,66.55367752,32.17789588,67.32999945,32.67000055,64.72011793,23.33472515,4.338193314,5.471526079,0.3706765059
North Carolina's 5th,NC-05,Republican,Virginia,Foxx,2004,1943,Woman,White - Non-Hispanic,Christian - Roman Catholic,No,Won,31.60268534,67.35557933,31.10911526,66.92978995,79.57822079,14.58660492,3.578114326,1.010531172,0.3770638702
North Carolina's 6th,NC-06,Democratic,Kathy,Manning,2020,1956,Woman,White - Non-Hispanic,Jewish,No,Open - Retired,61.5734613,37.19462429,62.27289139,37.72710861,72.96938611,20.77781165,3.581484603,1.15676393,0.3326817195
North Carolina's 7th,NC-07,Republican,David,Rouzer,2014,1972,Man,White - Non-Hispanic,Christian - Protestant - Southern Baptist,No,Won,40.71984149,58.07117339,39.59350564,60.24727559,74.48026488,19.54458078,3.250091033,0.6715274073,0.7773797729
North Carolina's 8th,NC-08,Republican,Richard,Hudson,2012,1971,Man,White - Non-Hispanic,Christian - Protestant,No,Won,46.08379579,52.53791588,46.71624338,53.28375662,66.32745164,23.1173566,5.831548767,1.793710068,1.092862326
North Carolina's 9th,NC-09,Republican,Dan,Bishop,2019 Special,1964,Man,White - Non-Hispanic,Christian - Protestant,No,Won,45.50170569,53.35176092,44.4079045,55.5920955,65.16720069,19.56044948,3.81244641,1.899002663,8.212464461
North Carolina's 10th,NC-10,Republican,Patrick,McHenry,2004,1975,Man,White - Non-Hispanic,Christian - Roman Catholic,No,Won,31.21547881,67.66438151,31.09240232,68.90759768,82.76943994,11.85570604,2.814237654,1.195767749,0.3512349875
North Carolina's 11th,NC-11,Republican,Madison,Cawthorn,2020,1995,Man,White - Non-Hispanic,Christian - Protestant,No,Vacant - Resigned,43.301993,55.38861721,42.34391141,54.50488176,91.11942519,3.201394499,2.364695379,0.8783640151,1.414055525
North Carolina's 12th,NC-12,Democratic,Alma,Adams,2014 Special,1946,Woman,Black - African-American,Christian - Protestant - Baptist,No,Won,70.07325166,28.50196831,100,0,48.51165316,39.79158695,5.991652799,3.368246821,0.2758669787
North Carolina's 13th,NC-13,Republican,Ted,Budd,2016,1971,Man,White - Non-Hispanic,Christian - Protestant - Nondenominational,No,Won,31.79394,67.07576251,31.81810062,68.18189938,70.90185324,22.35746826,3.087266133,2.031049582,0.3998407714
North Dakota's At-Large,ND-AL,Republican,Kelly,Armstrong,2018,1976,Man,White - Non-Hispanic,Christian - Protestant - Lutheran,No,Won,31.92697769,65.46305816,27.55077363,68.96242386,89.20338411,1.805804881,2.576293479,0.6522936921,4.307448945
Ohio's 1st,OH-01,Republican,Steve,Chabot,"2010, 1994-2008",1953,Man,White - Non-Hispanic,Christian - Roman Catholic,No,Won,47.65110474,50.85078903,44.64798785,51.79542417,74.11735154,20.74258761,1.575044888,1.928569435,0.07535654811
Ohio's 2nd,OH-02,Republican,Brad,Wenstrup,2012,1958,Man,White - Non-Hispanic,Christian - Roman Catholic,No,Won,42.90907866,55.60795614,38.90835737,61.08183476,87.79251064,8.410387122,1.282572738,0.9074721838,0.1843867784
Ohio's 3rd,OH-03,Democratic,Joyce,Beatty,2012,1950,Woman,Black - African-American,Christian - Protestant - Baptist,No,Won,69.97948526,28.40898776,70.82705268,29.14086928,60.30640796,30.81326545,3.224622724,2.363194349,0.1999908261
Ohio's 4th,OH-04,Republican,Jim,Jordan,2006,1964,Man,White - Non-Hispanic,Christian - Protestant,No,Won,31.23250291,67.12768878,29.31224937,67.85309499,89.99761389,5.132887926,2.721999927,0.5845967475,0.2578833376
Ohio's 5th,OH-05,Republican,Bob,Latta,2007 Special,1956,Man,White - Non-Hispanic,Christian - Roman Catholic,No,Won,36.67725734,61.61648621,32.00213767,67.99786233,91.2723649,2.78751642,3.952529782,0.8579064184,0.1521945917
Ohio's 6th,OH-06,Republican,Bill,Johnson,2010,1954,Man,White - Non-Hispanic,Christian - Protestant,No,Won,26.52110888,72.20390485,25.58641063,74.41358937,95.25657219,2.350813743,0.8578152971,0.3153198179,0.1662925841
Ohio's 7th,OH-07,Republican,Bob,Gibbs,2010,1954,Man,White - Non-Hispanic,Christian - Protestant - Methodist,No,Won,33.21967101,65.31125037,29.17452339,67.4961275,92.96465553,3.799212955,1.387302105,0.48238217,0.1341965435
Ohio's 8th,OH-08,Republican,Warren,Davidson,2016 Special,1970,Man,White - Non-Hispanic,Christian - Protestant,No,Won,32.53528506,65.98707232,31.01325188,68.95482939,89.70310528,5.665226563,1.790764299,1.275827445,0.1492303582
Ohio's 9th,OH-09,Democratic,Marcy,Kaptur,1982,1946,Woman,White - Non-Hispanic,Christian - Roman Catholic,No,Won,58.79217963,39.72985903,63.07431268,36.9127628,73.11317688,14.86984705,8.94401055,0.9936757645,0.2145225249
Ohio's 10th,OH-10,Republican,Mike,Turner,2002,1960,Man,White - Non-Hispanic,Christian - Protestant - Presbyterian,No,Won,46.9561832,51.36726726,41.643193,58.356807,78.52413265,16.29364124,1.783955346,1.410017876,0.1605194995
Ohio's 11th,OH-11,Vacant (D),,,,,,,,,Won,79.77304651,19.22381276,80.05330318,19.94669682,41.16761331,52.02321503,3.424122289,1.514314032,0.1915526246
Ohio's 12th,OH-12,Republican,Troy,Balderson,2018 Special,1962,Man,White - Non-Hispanic,Christian - Protestant,No,Won,46.25704885,52.19982428,41.7771756,55.24456671,89.32533156,4.586730588,1.881758057,2.310424467,0.1154774819
Ohio's 13th,OH-13,Democratic,Tim,Ryan,2002,1973,Man,White - Non-Hispanic,Christian - Roman Catholic,No,Won,50.98155381,47.61533332,52.48805173,44.9357771,84.2989947,10.7330739,2.506936187,0.7936078982,0.2179944511
Ohio's 14th,OH-14,Republican,David,Joyce,2012,1957,Man,White - Non-Hispanic,Christian - Roman Catholic,No,Won,44.869648,53.88132157,39.90086803,60.09913197,91.46943114,4.353870056,1.794426828,1.340141555,0.1199313121
Ohio's 15th,OH-15,Republican,Steve,Stivers,2010,1965,Man,White - Non-Hispanic,Christian - Protestant - Methodist,No,Won,42.16231035,56.32658034,36.56683909,63.41359711,91.44483887,4.049749603,1.468533289,1.400834946,0.1432080335
Ohio's 16th,OH-16,Republican,Anthony,Gonzalez,2018,1984,Man,Hispanic - Cuban,Christian - Roman Catholic,No,Won,42.2448369,56.47895237,36.80858239,63.19141761,93.43373115,2.105839777,1.811291612,1.505069282,0.1616422856
Oklahoma's 1st,OK-01,Republican,Kevin,Hern,2018 Special,1961,Man,White - Non-Hispanic,Christian - Protestant,No,Won,37.30573786,60.11318686,32.68270581,63.70148239,73.04396975,8.475458224,5.046517679,1.842763967,5.583915739
Oklahoma's 2nd,OK-02,Republican,Markwayne,Mullin,2012,1977,Man,Native American - Cherokee Nation,Christian - Evangelical Protestant - Pentecostal,No,Won,22.14677794,76.09842554,21.99863444,75.04011756,69.44622222,3.459555556,2.806222222,0.5075555556,15.64177778
Oklahoma's 3rd,OK-03,Republican,Frank,Lucas,1994 Special,1960,Man,White - Non-Hispanic,Christian - Protestant - Southern Baptist,No,Won,23.14993983,74.58194946,21.50896894,78.49103106,79.83805238,3.96718523,5.739927,0.9621177221,5.422764804
Oklahoma's 4th,OK-04,Republican,Tom,Cole,2002,1949,Man,Native American - Chickasaw,Christian - Protestant - Methodist,No,Won,32.26610405,65.33380566,28.77579066,67.78768156,75.53579552,6.521384614,5.982370461,1.864233664,4.603936177
Oklahoma's 5th,OK-05,Republican,Stephanie,Bice,2020,1973,Woman,White - Non-Hispanic,Christian - Roman Catholic,No,Lost,45.88035071,51.47243855,47.93762691,52.06237309,67.39163884,13.89937278,7.559260365,2.32606551,4.227646691
Oregon's 1st,OR-01,Democratic,Suzanne,Bonamici,2012 Special,1954,Woman,White - Non-Hispanic,Jewish,No,Won,63.25800325,34.04950908,64.59483495,35.20946991,80.85818781,1.637219046,8.039286389,5.943611669,0.5151187349
Oregon's 2nd,OR-02,Republican,Cliff,Bentz,2020,1952,Man,White - Non-Hispanic,Christian - Roman Catholic,No,Open - Retired,42.07606013,55.61373411,36.91928654,59.86341169,86.99470855,0.5933086121,7.486354735,1.023290696,1.65159785
Oregon's 3rd,OR-03,Democratic,Earl,Blumenauer,1996 Special,1948,Man,White - Non-Hispanic,Unknown/Refused,No,Won,74.33772005,23.45982134,73.02223564,23.50023167,78.87906806,4.548083581,6.313388457,6.297910472,0.7282799071
Oregon's 4th,OR-04,Democratic,Peter,DeFazio,1986,1947,Man,White - Non-Hispanic,Christian - Roman Catholic,No,Won,50.66629579,46.68126091,51.51751638,46.20027581,88.60943285,0.7009703882,4.893886473,1.598761001,1.001040566
Oregon's 5th,OR-05,Democratic,Kurt,Schrader,2008,1951,Man,White - Non-Hispanic,Christian - Protestant - Episcopalian,No,Won,53.56172653,43.90302272,51.88668408,45.15051497,84.06912081,0.9569786087,8.973593531,2.483709188,0.8205110709
Pennsylvania's 1st,PA-01,Republican,Brian,Fitzpatrick,2016,1973,Man,White - Non-Hispanic,Christian - Roman Catholic,No,Won,52.39313592,46.5549436,43.44218312,56.55781688,87.57041664,3.621692974,3.404168293,4.360719133,0.1180582669
Pennsylvania's 2nd,PA-02,Democratic,Brendan,Boyle,2014,1977,Man,White - Non-Hispanic,Christian - Roman Catholic,No,Won,70.14452088,29.11647876,72.53571141,27.46428859,45.73748854,25.69799192,20.7810658,6.175377082,0.2105814668
Pennsylvania's 3rd,PA-03,Democratic,Dwight,Evans,2016,1954,Man,Black - African-American,Christian - Protestant - Baptist,No,Won,91.29131886,8.102207838,91.03013221,8.969867787,34.22377081,55.74732824,3.736416102,4.24780992,0.2547965679
Pennsylvania's 4th,PA-04,Democratic,Madeleine,Dean,2018,1959,Woman,White - Non-Hispanic,Christian - Roman Catholic,No,Won,61.53009064,37.42909344,59.52744605,40.47255395,82.29514275,9.115684093,2.96996663,4.286243975,0.09733036707
Pennsylvania's 5th,PA-05,Democratic,Mary Gay,Scanlon,2018 Special,1959,Woman,White - Non-Hispanic,Christian - Roman Catholic,No,Won,65.13942353,34.01657368,64.69674547,35.30325453,69.60524547,21.77005933,2.944338844,4.41410825,0.09984063898
Pennsylvania's 6th,PA-06,Democratic,Chrissy,Houlahan,2018,1967,Woman,White - Non-Hispanic,Unknown/Refused,No,Won,56.93319428,41.86246243,56.05422239,43.94577761,81.17895389,5.895737718,9.26237921,2.479714944,0.07939735471
Pennsylvania's 7th,PA-07,Democratic,Susan,Wild,2018 Special,1957,Woman,White - Non-Hispanic,Jewish,No,Won,51.81484428,47.00238686,51.87445995,48.12554005,77.53286073,5.181103234,13.67597105,2.288251366,0.1181509378
Pennsylvania's 8th,PA-08,Democratic,Matt,Cartwright,2012,1961,Man,White - Non-Hispanic,Christian - Roman Catholic,No,Won,47.28828485,51.70544418,51.77069731,48.22930269,85.94188619,4.783328066,7.214961611,1.063374914,0.1041066349
Pennsylvania's 9th,PA-09,Republican,Dan,Meuser,2018,1964,Man,White - Non-Hispanic,Christian - Roman Catholic,No,Won,34.07022432,64.5446987,33.66965216,66.33034784,91.61982029,2.349364538,4.502648882,0.7861196809,0.1034368001
Pennsylvania's 10th,PA-10,Republican,Scott,Perry,2012,1962,Man,White - Non-Hispanic,Christian - Evangelical Protestant - United Brethren,No,Won,47.81245119,50.72548832,46.68762792,53.31237208,81.10139158,9.513678367,5.690492713,2.122064356,0.1123123562
Pennsylvania's 11th,PA-11,Republican,Lloyd,Smucker,2016,1964,Man,White - Non-Hispanic,Christian - Protestant - Lutheran,No,Won,38.33650823,60.161481,36.8763699,63.1236301,88.7113912,2.900926978,6.197559814,1.315355586,0.08243872055
Pennsylvania's 12th,PA-12,Republican,Fred,Keller,2019 Special,1965,Man,White - Non-Hispanic,Christian - Protestant - United Church of Christ,No,Won,31.22941297,67.32467894,29.15611021,70.84388979,94.26647087,2.113020777,1.852859059,0.8303419268,0.1495703252
Pennsylvania's 13th,PA-13,Republican,John,Joyce,2018,1957,Man,White - Non-Hispanic,Christian - Roman Catholic,No,Won,27.23332909,71.5797514,26.51255073,73.48744927,94.232344,2.561279639,1.757865813,0.4467454006,0.07278947464
Pennsylvania's 14th,PA-14,Republican,Guy,Reschenthaler,2018,1983,Man,White - Non-Hispanic,Christian - Protestant,No,Won,35.73610472,63.19963165,35.30391207,64.69608793,94.48356702,2.917812542,0.9900365177,0.5554303232,0.04237861233
Pennsylvania's 15th,PA-15,Republican,Glenn,Thompson,2008,1959,Man,White - Non-Hispanic,Christian - Protestant,No,Won,27.52251088,71.18948915,26.54072798,73.45927202,95.59041648,2.035542371,1.203854518,0.3867257523,0.1228422978
Pennsylvania's 16th,PA-16,Republican,Mike,Kelly,2010,1948,Man,White - Non-Hispanic,Christian - Roman Catholic,No,Won,40.01680394,58.68460924,40.66148849,59.33851151,92.46713572,4.062210702,1.730235142,0.5915571191,0.1277541196
Pennsylvania's 17th,PA-17,Democratic,Conor,Lamb,2018 Special,1984,Man,White - Non-Hispanic,Christian - Roman Catholic,No,Won,50.73408154,48.01580394,51.14708299,48.85291701,90.97195925,5.359300334,1.13515463,1.41195564,0.07573708412
Pennsylvania's 18th,PA-18,Democratic,Mike,Doyle,1994,1953,Man,White - Non-Hispanic,Christian - Roman Catholic,No,Won,64.50477293,34.39599798,69.24816589,30.75183411,77.88246134,16.54050441,1.840945223,1.889723949,0.1083971672
Rhode Island's 1st,RI-01,Democratic,David,Cicilline,2010,1961,Man,White - Non-Hispanic,Jewish,Gay,Won,63.93002182,34.61113342,70.82551595,0,77.00684143,6.534924925,11.94211295,2.427479534,0.4177282309
Rhode Island's 2nd,RI-02,Democratic,Jim,Langevin,2000,1964,Man,White - Non-Hispanic,Christian - Roman Catholic,No,Won,55.97486807,42.53813493,58.24302513,41.53887442,84.38792879,3.535886891,8.131545926,2.339450111,0.3006622023
South Carolina's 1st,SC-01,Republican,Nancy,Mace,2020,1977,Woman,White - Non-Hispanic,Christian - Protestant - Nondenominational,No,Lost,46.13909456,52.08398621,49.31434686,50.58216716,75.30711575,18.07941352,3.515081307,1.475711705,0.2446551918
South Carolina's 2nd,SC-02,Republican,Joe,Wilson,2001 Special,1947,Man,White - Non-Hispanic,Christian - Protestant - Presbyterian,No,Won,43.55515366,54.86182471,42.58967917,55.65805911,70.54894733,23.48559702,2.918598465,1.360492513,0.300220415
South Carolina's 3rd,SC-03,Republican,Jeff,Duncan,2010,1966,Man,White - Non-Hispanic,Christian - Protestant - Southern Baptist,No,Won,30.53581127,68.053044,28.69374393,71.21391997,77.68703571,18.43661634,2.150970525,0.6518092499,0.1658279415
South Carolina's 4th,SC-04,Republican,William,Timmons,2018,1984,Man,White - Non-Hispanic,Christian - Protestant - Episcopalian,No,Won,38.85367878,59.33594859,36.89446679,61.60754403,74.15374578,19.19231655,3.569235493,1.698265275,0.1909349094
South Carolina's 5th,SC-05,Republican,Ralph,Norman,2017 Special,1953,Man,White - Non-Hispanic,Christian - Protestant - Presbyterian,No,Won,41.01952637,57.64345672,39.85687685,60.06858553,68.46681189,26.63913171,2.496063066,0.8213339368,0.3969937858
South Carolina's 6th,SC-06,Democratic,Jim,Clyburn,1992,1940,Man,Black - African-American,Christian - Protestant - African Methodist Episcopal,No,Won,67.01735638,31.77993416,68.17709466,30.81549302,39.42518302,56.07178799,2.147917201,0.6896619768,0.2871124968
South Carolina's 7th,SC-07,Republican,Tom,Rice,2012,1957,Man,White - Non-Hispanic,Christian - Protestant - Episcopalian,No,Won,40.20104907,58.81068792,38.13964091,61.79581478,68.69549319,27.32882348,1.816436603,0.7706371698,0.5430112442
South Dakota's At-Large,SD-AL,Republican,Dusty,Johnson,2018,1976,Man,White - Non-Hispanic,Christian - Protestant,No,Won,35.60525214,61.76938967,0,80.95501493,87.4080311,1.05523249,2.274140115,0.6547005453,6.984521683
Tennessee's 1st,TN-01,Republican,Diana,Harshbarger,2020,1960,Woman,White - Non-Hispanic,Christian - Protestant - Southern Baptist,No,Open - Retired,22.11950175,76.18315147,22.46621898,74.70982866,94.60341073,2.112215362,1.486705679,0.4185000314,0.252713081
Tennessee's 2nd,TN-02,Republican,Tim,Burchett,2018,1964,Man,White - Non-Hispanic,Christian - Protestant - Presbyterian,No,Won,34.49646091,63.58696105,31.05462391,67.64128801,89.98528025,5.781248623,1.759318837,1.021568403,0.2679523679
Tennessee's 3rd,TN-03,Republican,Chuck,Fleischmann,2010,1962,Man,White - Non-Hispanic,Christian - Roman Catholic,No,Won,32.91428163,65.33005164,30.49869029,67.30305121,85.3588696,10.44941214,1.916112112,0.8188970759,0.3006190791
Tennessee's 4th,TN-04,Republican,Scott,DesJarlais,2010,1964,Man,White - Non-Hispanic,Christian - Protestant - Episcopalian,No,Won,30.66713297,67.52020803,33.33472342,66.66527658,85.09482705,8.974845041,2.885810769,1.080966698,0.2839080561
Tennessee's 5th,TN-05,Democratic,Jim,Cooper,"2002, 1982-1994",1954,Man,White - Non-Hispanic,Christian - Protestant - Episcopalian,No,Won,60.29676827,36.72378164,99.99444817,0,68.02801421,25.02384478,3.2928502,1.907582185,0.2289098622
Tennessee's 6th,TN-06,Republican,John,Rose,2018,1965,Man,White - Non-Hispanic,Christian - Protestant,No,Won,25.59607219,72.69745223,23.98663531,73.68083804,92.07149484,4.216340178,1.697214782,0.6284683928,0.2958528089
Tennessee's 7th,TN-07,Republican,Mark,Green,2018,1964,Man,White - Non-Hispanic,Christian - Protestant,No,Won,31.32865078,66.88737398,27.33298159,69.92684701,83.47156821,10.1633847,3.33725742,1.309218037,0.3130351027
Tennessee's 8th,TN-08,Republican,David,Kustoff,2016,1966,Man,White - Non-Hispanic,Jewish,No,Won,33.21173175,65.38385695,29.49800062,68.46887025,76.4048327,19.48323234,1.731341037,1.155481953,0.2455869622
Tennessee's 9th,TN-09,Democratic,Steve,Cohen,2006,1949,Man,White - Non-Hispanic,Jewish,No,Won,78.54384057,19.84753574,77.36536561,20.09963768,28.25829622,67.36687934,2.030416115,1.18173428,0.1253962522
Texas' 1st,TX-01,Republican,Louie,Gohmert,2004,1953,Man,White - Non-Hispanic,Christian - Protestant - Southern Baptist,No,Won,27.23863134,71.57467559,27.42136869,72.57863131,70.31816073,18.59507803,8.948578987,0.9466836458,0.3356334093
Texas' 2nd,TX-02,Republican,Dan,Crenshaw,2018,1984,Man,White - Non-Hispanic,Christian - Protestant - Methodist,No,Won,48.63231425,49.93065979,42.79286814,55.613943,57.41024702,12.56393261,21.75934628,6.608430696,0.2433643639
Texas' 3rd,TX-03,Republican,Van,Taylor,2018,1972,Man,White - Non-Hispanic,Christian - Protestant - Episcopalian,No,Won,48.73833849,49.78343316,42.87192032,55.0685514,67.62047912,10.00149374,9.917471106,10.41133745,0.388371268
Texas' 4th,TX-04,Republican,Pat,Fallon,2020,1967,Man,White - Non-Hispanic,Christian - Roman Catholic,No,Vacant - Resigned,24.38736396,74.43790697,22.59482598,75.1435008,78.71298384,10.73871279,7.502699835,0.8146871033,0.6612227885
Texas' 5th,TX-05,Republican,Lance,Gooden,2018,1982,Man,White - Non-Hispanic,Christian - Restorationist,No,Won,37.94459427,60.85417167,35.92665105,61.99284627,65.43469614,16.48140007,14.84854194,1.513533882,0.4762502878
Texas' 6th,TX-06,Vacant (R),,,,,,,,,Won,47.81496971,50.82034776,43.9804466,52.79741876,57.08336126,20.50378654,15.99345135,4.405020632,0.3034974006
Texas' 7th,TX-07,Democratic,Lizzie,Fletcher,2018,1975,Woman,White - Non-Hispanic,Christian - Protestant - Methodist,No,Won,53.55292784,45.0869928,50.78519698,47.45053721,54.89439793,14.27441155,20.03582339,9.245950638,0.1912045889
Texas' 8th,TX-08,Republican,Kevin,Brady,1996,1955,Man,White - Non-Hispanic,Christian - Roman Catholic,No,Won,28.12270021,70.56316935,25.46833616,72.50928829,73.06721014,9.193212529,13.83633866,2.241814718,0.3198794914
Texas' 9th,TX-09,Democratic,Al,Green,2004,1947,Man,Black - African-American,Christian - Protestant - Southern Baptist,No,Won,75.73915399,23.26006706,75.48350771,21.63836112,15.7628974,47.01444226,24.76253252,11.38196071,0.2000965171
Texas' 10th,TX-10,Republican,Michael,McCaul,2004,1962,Man,White - Non-Hispanic,Christian - Roman Catholic,No,Won,48.4324024,50.04582647,45.34639304,52.48107003,63.51007684,11.36481719,19.03433692,4.491964961,0.207826301
Texas' 11th,TX-11,Republican,August,Pfluger,2020,1978,Man,White - Non-Hispanic,Christian - Protestant,No,Open - Retired,19.66946754,79.12401849,18.29984269,79.70854054,63.93035999,3.756448586,30.28359631,0.6639567674,0.3763050429
Texas' 12th,TX-12,Republican,Kay,Granger,1996,1943,Woman,White - Non-Hispanic,Christian - Protestant - Methodist,No,Won,37.8974732,60.47357362,33.03625678,63.71651758,70.78052943,8.529721486,15.87112822,2.776063038,0.4221286176
Texas' 13th,TX-13,Republican,Ronny,Jackson,2020,1967,Man,White - Non-Hispanic,Christian - Restorationist,No,Open - Retired,19.44357432,79.17130235,18.45540167,79.38488088,72.49427219,5.508884476,18.62328802,1.360419531,0.5783819561
Texas' 14th,TX-14,Republican,Randy,Weber,2012,1953,Man,White - Non-Hispanic,Christian - Protestant - Baptist,No,Won,39.56809408,59.03973636,38.35918671,61.64081329,57.71422521,20.97202703,17.52690449,2.487341894,0.2541247136
Texas' 15th,TX-15,Democratic,Vicente,González,2016,1967,Man,Hispanic,Christian - Roman Catholic,No,Won,50.39844493,48.51813829,50.50083655,47.62293757,22.10212939,2.449814082,73.76702256,1.123877617,0.1817334019
Texas' 16th,TX-16,Democratic,Veronica,Escobar,2018,1969,Woman,Hispanic,Christian - Roman Catholic,No,Won,66.43160778,32.00477554,64.72026004,35.27973996,17.45057336,4.238313555,75.98548006,1.251068459,0.2997235882
Texas' 17th,TX-17,Republican,Pete,Sessions,2020,1955,Man,White - Non-Hispanic,Christian - Protestant - Methodist,No,Open - Retired,43.60797435,54.60565504,40.91757828,55.85046583,64.1387231,12.86219946,18.11420933,3.195074652,0.2202850526
Texas' 18th,TX-18,Democratic,Sheila,Jackson Lee,1994,1950,Woman,Black - Jamaican,Christian - Protestant - Seventh-Day Adventist,No,Won,75.67613899,22.99071904,73.29107515,23.50513376,22.8169319,44.97888925,26.81065281,4.183176356,0.1309949118
Texas' 19th,TX-19,Republican,Jodey,Arrington,2016,1972,Man,White - Non-Hispanic,Christian - Protestant - Presbyterian,No,Won,26.32012592,72.23745271,22.85702428,74.77702489,61.17117471,6.090776852,30.09907218,1.061487655,0.4324579336
Texas' 20th,TX-20,Democratic,Joaquin,Castro,2012,1974,Man,Hispanic - Mexican,Christian - Roman Catholic,No,Won,63.70871984,34.73578538,64.67053039,33.10690263,25.74126174,5.537170378,65.01740499,2.336560011,0.185971103
Texas' 21st,TX-21,Republican,Chip,Roy,2018,1972,Man,White - Non-Hispanic,Christian - Protestant - Southern Baptist,No,Won,47.8788826,50.56579773,45.35096419,51.95371901,67.57742266,3.548083548,24.70047554,2.412159097,0.143670918
Texas' 22nd,TX-22,Republican,Troy,Nehls,2020,1968,Man,White - Non-Hispanic,Christian - Protestant,No,Open - Retired,48.90151084,49.82609232,44.60210563,51.52800651,47.61215364,14.64319748,20.73651224,15.41837707,0.278551532
Texas' 23rd,TX-23,Republican,Tony,Gonzales,2020,1980,Man,Hispanic - Mexican,Christian - Roman Catholic,No,Open - Retired,48.46335463,50.25065143,46.60339745,50.56404147,30.81140351,3.811361336,62.86373988,1.323169703,0.3753373819
Texas' 24th,TX-24,Republican,Beth,Van Duyne,2020,1970,Woman,White - Non-Hispanic,Christian - Protestant - Episcopalian,No,Open - Retired,51.94436535,46.49766895,47.47559015,48.80806695,60.63371688,12.32339327,15.40424159,9.29095108,0.3660713385
Texas' 25th,TX-25,Republican,Roger,Williams,2012,1949,Man,White - Non-Hispanic,Christian - Protestant - Disciples of Christ,No,Won,44.43744847,54.03517977,42.10605225,55.92760779,73.61731364,7.385778083,14.2924298,2.522193495,0.3173082139
Texas' 26th,TX-26,Republican,Michael,Burgess,2002,1950,Man,White - Non-Hispanic,Christian - Protestant - Episcopalian,No,Won,42.14940286,56.2569274,37.25206205,60.60941892,72.3658403,8.227165904,12.7798491,4.381283904,0.3949251674
Texas' 27th,TX-27,Republican,Michael,Cloud,2018 Special,1975,Man,White - Non-Hispanic,Christian - Protestant,No,Won,37.47055555,61.23729452,34.93685339,63.05694722,46.15452177,5.305891423,46.34286774,1.168135375,0.2547062096
Texas' 28th,TX-28,Democratic,Henry,Cuellar,2004,1955,Man,Hispanic - Mexican,Christian - Roman Catholic,No,Won,51.59306485,47.24629119,58.29870592,38.97703567,23.30678484,5.503323552,69.06162046,1.051559974,0.1113839152
Texas' 29th,TX-29,Democratic,Sylvia,Garcia,2018,1950,Woman,Hispanic - Mexican,Christian - Roman Catholic,No,Won,65.94797616,32.86379439,71.13367801,27.37852537,16.67927869,16.07390168,64.18709576,2.227330487,0.2598552235
Texas' 30th,TX-30,Democratic,Eddie Bernice,Johnson,1992,1935,Woman,Black - African-American,Christian - Protestant - Baptist,No,Won,79.83527183,18.89750164,77.4880513,18.40893278,21.68244922,52.07922701,22.79544091,2.022452652,0.1928185791
Texas' 31st,TX-31,Republican,John,Carter,2002,1941,Man,White - Non-Hispanic,Christian - Protestant - Lutheran,No,Won,47.59738238,50.43865936,44.28838081,53.43330227,62.94995765,11.25070582,19.53698475,3.707298137,0.2673277809
Texas' 32nd,TX-32,Democratic,Colin,Allred,2018,1983,Man,Black - African-American,Christian - Protestant - Methodist,No,Won,54.43614032,44.01494742,51.94901175,45.93336379,62.17634958,12.98148542,15.26667275,7.415964896,0.3080695994
Texas' 33rd,TX-33,Democratic,Marc,Veasey,2012,1971,Man,Black - African-American,Christian - Protestant - Southern Baptist,No,Won,72.99215586,25.63434252,66.82296359,25.15005774,24.87262203,24.34502095,47.05297115,2.407368326,0.278874853
Texas' 34th,TX-34,Democratic,Filemón,Vela,2012,1963,Man,Hispanic - Mexican,Christian - Roman Catholic,No,Won,51.53015671,47.52004093,55.43484209,41.84462784,19.13605361,1.607036018,78.43604164,0.4618882374,0.1507718081
Texas' 35th,TX-35,Democratic,Lloyd,Doggett,1994,1946,Man,White - Non-Hispanic,Christian - Protestant - Methodist,No,Won,67.70398195,30.51534744,65.37248376,29.94658947,34.30494809,10.33649377,52.3419536,1.491179147,0.2005851215
Texas' 36th,TX-36,Republican,Brian,Babin,2014,1948,Man,White - Non-Hispanic,Christian - Protestant - Southern Baptist,No,Won,26.89605488,71.91232927,24.26648245,73.61187775,69.96439671,9.690585782,17.09547976,1.672961171,0.3639010189
Utah's 1st,UT-01,Republican,Blake,Moore,2020,1980,Man,White - Non-Hispanic,Christian - Mormon,No,Open - Retired,31.58788021,64.18685796,30.43484611,69.51578935,86.39640095,1.018045797,8.504271344,1.600363949,0.9108830814
Utah's 2nd,UT-02,Republican,Chris,Stewart,2012,1960,Man,White - Non-Hispanic,Christian - Mormon,No,Won,40.22292942,56.10165279,36.63275216,59.00136637,84.8254614,0.9352596891,8.991654452,2.736980647,0.958192496
Utah's 3rd,UT-03,Republican,John,Curtis,2017 Special,1960,Man,White - Non-Hispanic,Christian - Mormon,No,Won,35.18953962,60.27421391,26.7650525,68.72539541,88.47311172,0.4950696351,5.987597845,1.957913998,1.420148419
Utah's 4th,UT-04,Republican,Burgess,Owens,2020,1951,Man,Black - African-American,Christian - Mormon,No,Lost,43.27936129,52.42587741,46.69736947,47.69675895,83.06449169,1.218120297,9.874248775,3.601838291,0.7242058482
Vermont's At-Large,VT-AL,Democratic,Peter,Welch,2006,1947,Man,White - Non-Hispanic,Christian - Roman Catholic,No,Won,66.43756532,30.83674888,67.3061152,27.00676649,94.9684136,0.8925051802,1.511093142,0.986506292,0.3194016273
Virginia's 1st,VA-01,Republican,Rob,Wittman,2007 Special,1959,Man,White - Non-Hispanic,Christian - Protestant - Episcopalian,No,Won,47.04937502,51.42590222,41.70731272,58.14966375,72.24844764,16.7365849,5.8529878,2.650178226,0.3485693767
Virginia's 2nd,VA-02,Democratic,Elaine,Luria,2018,1975,Woman,White - Non-Hispanic,Jewish,No,Won,51.44999531,46.74123628,51.55283296,45.80669873,67.12495602,19.46917824,5.868449304,4.644239357,0.2553068644
Virginia's 3rd,VA-03,Democratic,Bobby,Scott,1992,1947,Man,Black - African-American/Asian - Filipino,Christian - Protestant - Episcopalian,No,Won,67.15277698,31.24978444,68.35168634,31.43270614,45.64980405,45.20293707,4.30469841,2.246047119,0.3432587053
Virginia's 4th,VA-04,Democratic,Donald,McEachin,2016,1961,Man,Black - African-American,Christian - Protestant - Baptist,No,Won,61.83186391,36.83587599,61.61877627,38.23352796,52.08018122,41.16425183,2.942257554,1.647219729,0.2718297218
Virginia's 5th,VA-05,Republican,Bob,Good,2020,1965,Man,White - Non-Hispanic,Christian - Evangelical Protestant,No,Lost at party convention,45.11999566,53.5836127,47.30473731,52.44322263,75.79310103,19.66311839,1.737018396,1.147782474,0.1709836382
Virginia's 6th,VA-06,Republican,Ben,Cline,2018,1972,Man,White - Non-Hispanic,Christian - Roman Catholic,No,Won,38.57081205,59.7600275,35.28664556,64.58816227,84.19261587,10.36781749,2.828296858,1.113782956,0.2109503182
Virginia's 7th,VA-07,Democratic,Abigail,Spanberger,2018,1979,Woman,White - Non-Hispanic,Christian - Protestant,No,Won,49.81488632,48.70944025,50.81954224,48.99931549,72.00651715,18.9825408,3.728665675,3.352059758,0.2510706114
Virginia's 8th,VA-08,Democratic,Don,Beyer,2014,1950,Man,White - Non-Hispanic,Christian - Protestant - Episcopalian,No,Won,77.58798927,21.10173101,75.79077047,23.97641705,62.69543133,13.87405483,10.79350671,9.916661033,0.142921982
Virginia's 9th,VA-09,Republican,Morgan,Griffith,2010,1958,Man,White - Non-Hispanic,Christian - Protestant - Episcopalian,No,Won,28.36307077,70.43717764,0,93.97699067,91.36945276,5.402984288,1.252382249,0.8861526571,0.1949711495
Virginia's 10th,VA-10,Democratic,Jennifer,Wexton,2018,1968,Woman,White - Non-Hispanic,Unknown/Refused,No,Won,58.93792651,39.60523592,56.51062148,43.37182943,70.10540771,7.293174479,7.898155365,12.08384367,0.2245481201
Virginia's 11th,VA-11,Democratic,Gerry,Connolly,2008,1950,Man,White - Non-Hispanic,Christian - Roman Catholic,No,Won,70.32489871,28.28926434,71.38752063,28.323598,56.78935413,13.47920478,11.09514142,15.26323195,0.2281544616
Washington's 1st,WA-01,Democratic,Suzan,DelBene,2012 Special,1963,Woman,White - Non-Hispanic,Christian - Protestant - Episcopalian,No,Won,59.11964551,38.19826105,58.55381833,41.32647085,82.671049,1.152828773,5.200560622,7.084764499,1.078802953
Washington's 2nd,WA-02,Democratic,Rick,Larsen,2000,1965,Man,White - Non-Hispanic,Christian - Protestant - Methodist,No,Won,62.14458239,35.05579441,63.08780567,36.67442746,79.12971747,2.612534918,6.325577907,7.379215958,1.024578639
Washington's 3rd,WA-03,Republican,Jaime Herrera,Beutler,2010,1978,Woman,Hispanic - Mexican,Christian - Protestant,No,Won,46.85875002,50.62815554,43.39451978,56.37169391,86.72737175,1.279393077,4.929341958,3.179850753,0.7147020323
Washington's 4th,WA-04,Republican,Dan,Newhouse,2014,1955,Man,White - Non-Hispanic,Christian - Protestant - Presbyterian,No,Won,39.64142396,57.84195256,33.6323105,66.20782735,70.87222736,1.120609982,21.95240296,1.459103512,2.567005545
Washington's 5th,WA-05,Republican,Cathy,McMorris Rodgers,2004,1969,Woman,White - Non-Hispanic,Christian - Protestant - Nondenominational,No,Won,43.99627165,53.04932934,38.51444258,61.28573548,87.77703911,1.390462458,4.535622993,2.050580998,1.394207811
Washington's 6th,WA-06,Democratic,Derek,Kilmer,2012,1974,Man,White - Non-Hispanic,Christian - Protestant - Methodist,No,Won,57.40239587,39.55891516,59.30477259,40.45458468,81.5644361,3.468750863,5.066880242,4.080016939,1.617461589
Washington's 7th,WA-07,Democratic,Pramila,Jayapal,2016,1965,Woman,Asian - Indian,Unknown/Refused,No,Won,85.73319172,12.30007568,82.98832488,16.77307048,77.0755609,3.555402734,5.150004298,9.296827989,0.5355454311
Washington's 8th,WA-08,Democratic,Kim,Schrier,2018,1968,Woman,White - Non-Hispanic,Jewish,No,Won,52.01098961,45.46463999,51.7148251,48.1478336,79.85996583,2.669339627,6.625453037,6.847651119,0.9194062867
Washington's 9th,WA-09,Democratic,Adam,Smith,1996,1965,Man,White - Non-Hispanic,Christian - Protestant - Episcopalian,No,Won,73.32898616,24.58906778,74.13579716,25.69746455,56.24864025,10.81377881,6.575498575,21.05879306,0.6443926444
Washington's 10th,WA-10,Democratic,Marilyn,Strickland,2020,1962,Woman,Black - African-American/Asian - Korean,Christian - Protestant,No,Open - Ran for lieutenant governor,56.1962306,40.71064385,49.33417938,0,73.48170502,6.186344776,7.271784232,7.279328555,1.284420973
West Virginia's 1st,WV-01,Republican,David,McKinley,2010,1947,Man,White - Non-Hispanic,Christian - Protestant - Episcopalian,No,Won,30.25729178,67.98417803,31.02325493,68.97674507,94.78603753,2.487460543,1.004178116,0.6159912556,0.1634470993
West Virginia's 2nd,WV-02,Republican,Alex,Mooney,2014,1971,Man,Hispanic - Cuban,Christian - Roman Catholic,No,Won,32.78040459,65.39730177,36.92352213,63.07647787,92.20319082,4.39999588,1.455335716,0.6200368726,0.2255615866
West Virginia's 3rd,WV-03,Republican,Carol,Miller,2018,1950,Woman,White - Non-Hispanic,Christian - Protestant - Baptist,No,Won,25.46174033,73.13917197,28.66382355,71.33617645,94.01123896,3.710998127,0.8188386406,0.3639282847,0.2279903666
Wisconsin's 1st,WI-01,Republican,Bryan,Steil,2018,1981,Man,White - Non-Hispanic,Christian - Roman Catholic,No,Won,44.68943212,53.90521371,40.61440583,59.3076858,86.1508574,5.068741361,6.159636866,1.238465274,0.3455747749
Wisconsin's 2nd,WI-02,Democratic,Mark,Pocan,2012,1964,Man,White - Non-Hispanic,Unknown/Refused,Gay,Won,69.37081304,29.23001776,69.66743583,30.25032535,88.57828541,3.860272877,3.196302387,2.662992756,0.3359850673
Wisconsin's 3rd,WI-03,Democratic,Ron,Kind,1996,1963,Man,White - Non-Hispanic,Christian - Protestant - Lutheran,No,Won,46.80086032,51.46124136,51.29896463,48.64354316,94.59391793,1.024705598,1.443171759,1.520963545,0.4828455699
Wisconsin's 4th,WI-04,Democratic,Gwen,Moore,2004,1951,Woman,Black - African-American,Christian - Protestant - Baptist,No,Won,76.2161686,22.59872964,74.64556925,22.70442128,51.65095294,32.72569093,10.53898758,2.776878566,0.4956905273
Wisconsin's 5th,WI-05,Republican,Scott,Fitzgerald,2020,1963,Man,White - Non-Hispanic,Christian - Roman Catholic,No,Open - Retired,41.73567031,56.83286047,39.83297064,60.10747307,91.4603143,2.086292533,3.605323393,1.655644118,0.2533225973
Wisconsin's 6th,WI-06,Republican,Glenn,Grothman,2014,1955,Man,White - Non-Hispanic,Christian - Protestant - Lutheran,No,Won,41.58644111,56.80115935,40.72044688,59.22500762,92.95247292,1.670781368,2.523481129,1.613388115,0.4345489164
Wisconsin's 7th,WI-07,Republican,Tom,Tiffany,2020 Special,1957,Man,White - Non-Hispanic,Christian - Protestant,No,Won,39.27867916,59.19541324,39.21403735,60.73343341,94.24109099,0.5814590332,1.22864028,1.144661896,1.738900248
Wisconsin's 8th,WI-08,Republican,Mike,Gallagher,2016,1984,Man,White - Non-Hispanic,Christian - Roman Catholic,No,Won,41.28294426,57.16778368,35.79329788,64.18109411,91.76274813,1.125547459,2.433047756,1.456537044,2.140460277
Wyoming's At-Large,WY-AL,Republican,Liz,Cheney,2016,1966,Woman,White - Non-Hispanic,Christian - Protestant - Methodist,No,Won,26.72147361,70.37843695,24.57658403,68.5631174,88.14670877,0.7899880866,6.886660421,0.5956718369,1.963982095